舰 ID,舰名,假名,舰队,出击海域,舰种,速力,等级,状态,火力,裸装火力,裸装初始火力,裸装最大火力,雷装,裸装雷装,裸装初始雷装,裸装最大雷装,对空,裸装对空,裸装初始对空,裸装最大对空,装甲,裸装装甲,裸装初始装甲,裸装最大装甲,幸运,裸装幸运,裸装初始幸运,裸装最大幸运,火力改修,雷装改修,对空改修,装甲改修,幸运改修,回避,对潜,索敌,装备0,装备0 熟练度,装备0 改修等级,装备1,装备1 熟练度,装备1 改修等级,装备2,装备2 熟练度,装备2 改修等级,装备3,装备3 熟练度,装备3 改修等级,补强增设装备,补强增设装备熟练度,补强增设装备改修等级,锁定,耐久,最大耐久,损失耐久,修理时间,入渠,后续改造
1,吹雪改二,ふぶき,-1,0,駆逐艦,10,99,54,59,59,15,59,88,88,30,88,78,78,35,78,51,51,14,51,18,18,18,79,44,58,43,37,0,92,76,54,三式爆雷投射機,NA,2,NA,NA,NA,NA,NA,NA,NA,NA,NA,NA,NA,NA,1,31,31,0,0,false,NA
2,神通改二,じんつう,0,0,軽巡洋艦,10,97,54,74,74,27,74,99,99,38,99,68,68,18,68,69,69,29,69,18,18,13,81,47,61,50,40,5,79,79,53,NA,NA,NA,NA,NA,NA,NA,NA,NA,NA,NA,NA,NA,NA,NA,1,51,51,0,0,false,NA
3,白雪改二,しらゆき,-1,3,駆逐艦,10,90,49,66,58,15,58,87,87,30,87,103,83,36,83,53,51,14,51,17,17,17,77,43,57,47,37,0,87,61,50,12.7cm連装砲A型改三(戦時改修)+高射装置,NA,0,12.7cm連装砲A型改三(戦時改修)+高射装置,NA,0,NA,NA,NA,NA,NA,NA,NA,NA,NA,1,31,31,0,0,false,NA
5,夕立改二,ゆうだち,-1,0,駆逐艦,10,99,52,82,74,17,74,96,94,37,94,69,59,16,59,52,52,14,52,29,29,22,65,57,57,43,38,7,100,69,53,12.7cm連装砲B型改二,NA,0,12.7cm連装砲B型改二,NA,0,13号対空電探改,NA,0,NA,NA,NA,改良型艦本式タービン,NA,0,1,31,31,0,0,false,NA
6,電改,いなづま,-1,0,駆逐艦,10,80,49,54,49,12,49,79,79,28,79,62,49,15,49,49,49,13,49,12,12,12,59,37,51,34,36,0,81,52,32,2cm 四連装FlaK 38,NA,8,12.7cm連装砲,NA,0,12.7cm連装砲,NA,0,NA,NA,NA,NA,NA,NA,1,30,30,0,0,false,NA
7,時雨改三,しぐれ,-1,12,駆逐艦,10,127,54,73,67,16,67,98,91,31,91,92,87,31,87,57,57,15,57,61,61,55,97,51,60,56,42,6,114,116,65,12.7cm連装砲,NA,0,12.7cm連装砲,NA,0,Type144/147 ASDIC,NA,0,NA,NA,NA,水雷戦隊 熟練見張員,NA,0,1,39,39,0,0,false,NA
9,Верный,ひびき,-1,3,駆逐艦,10,98,54,58,58,13,58,100,89,30,89,65,65,18,65,59,58,15,58,20,20,20,80,45,59,47,43,0,91,76,43,61cm三連装(酸素)魚雷後期型,NA,0,照明弾,NA,0,NA,NA,NA,NA,NA,NA,NA,NA,NA,1,37,37,0,0,false,NA
11,瑞鳳改二乙,ずいほう,-1,0,軽空母,10,99,82,49,48,0,48,25,0,0,0,102,88,33,88,72,72,37,72,48,48,42,93,48,0,55,35,6,74,71,86,流星改(一航戦/熟練),7,0,彗星一二型甲,7,0,流星,7,0,Corsair Mk.II,7,1,改良型艦本式タービン,NA,0,1,59,59,0,0,false,瑞鳳改二
12,利根改二,とね,-1,0,航空巡洋艦,10,83,49,78,78,46,78,82,82,32,82,84,84,32,84,80,80,48,80,15,15,15,77,32,50,52,32,0,76,0,82,NA,NA,NA,NA,NA,NA,NA,NA,NA,NA,NA,NA,NA,NA,NA,1,59,59,0,0,false,NA
13,木曾改二,きそ,-1,0,重雷装巡洋艦,10,90,49,65,65,18,65,111,111,80,111,72,72,24,72,69,65,24,65,27,27,13,69,47,31,48,41,14,90,77,45,NA,NA,NA,NA,NA,NA,NA,NA,NA,NA,NA,NA,北方迷彩(+北方装備),NA,5,1,44,44,0,0,false,NA
18,摩耶改二,まや,-1,0,重巡洋艦,10,99,49,80,77,42,77,104,84,34,84,118,106,72,106,80,78,48,78,40,40,14,64,35,50,34,30,26,83,0,55,10cm連装高角砲群 集中配備,NA,0,61cm四連装(酸素)魚雷,NA,3,61cm四連装(酸素)魚雷,NA,0,NA,NA,NA,NA,NA,NA,1,57,57,0,0,false,NA
20,古鷹改二,ふるたか,-1,0,重巡洋艦,15,83,49,99,77,39,77,75,75,24,75,70,64,22,64,72,72,34,72,14,14,14,64,38,51,42,38,0,86,0,47,20.3cm(2号)連装砲,NA,0,20.3cm(2号)連装砲,NA,0,改良型艦本式タービン,NA,0,強化型艦本式缶,NA,0,NA,NA,NA,1,53,53,0,0,false,NA
27,千歳甲,ちとせ,-1,0,水上機母艦,10,96,49,31,31,9,31,73,73,15,73,42,42,17,42,39,39,21,39,10,10,10,59,22,58,25,18,0,48,0,67,ドラム缶(輸送用),NA,0,ドラム缶(輸送用),NA,0,ドラム缶(輸送用),NA,0,NA,NA,NA,NA,NA,NA,1,42,42,0,0,false,千歳航
32,五月雨改,さみだれ,3,0,駆逐艦,10,86,49,49,49,12,49,79,79,28,79,49,49,15,49,49,49,14,49,12,12,12,59,37,51,34,35,0,83,54,34,ドラム缶(輸送用),NA,0,ドラム缶(輸送用),NA,0,ドラム缶(輸送用),NA,0,NA,NA,NA,NA,NA,NA,1,30,30,0,0,false,NA
46,最上改二特,もがみ,-1,12,航空巡洋艦,10,99,49,111,81,40,81,102,90,39,90,95,86,30,86,78,78,41,78,41,41,18,80,41,51,56,37,23,83,2,85,20.3cm(3号)連装砲,NA,6,20.3cm(3号)連装砲,NA,0,零式水上偵察機,7,0,甲標的 甲型,NA,0,NA,NA,NA,1,61,61,0,0,false,最上改二
50,島風改,しまかぜ,2,0,駆逐艦,10,96,46,59,59,14,59,99,99,48,99,59,59,16,59,59,59,14,59,12,12,12,59,45,51,43,45,0,97,58,38,ドラム缶(輸送用),NA,0,ドラム缶(輸送用),NA,0,ドラム缶(輸送用),NA,0,NA,NA,NA,NA,NA,NA,1,37,37,0,0,false,NA
54,綾波改二,あやなみ,-1,0,駆逐艦,10,99,54,83,76,17,76,89,89,30,89,63,52,16,52,56,54,15,54,42,42,40,84,59,59,36,39,2,98,67,59,12.7cm連装砲D型改二,NA,10,SG レーダー(初期型),NA,0,12.7cm連装砲D型改二,NA,0,NA,NA,NA,NA,NA,NA,1,33,33,0,0,false,NA
60,赤城改二,あかぎ,-1,6,正規空母,10,142,85,62,60,0,60,14,0,0,0,92,85,40,85,82,81,42,81,24,24,20,77,60,0,45,39,4,98,11,115,流星改(一航戦),7,0,彗星二二型(六三四空/熟練),7,0,Sea Gladiator,7,3,NA,NA,NA,改良型艦本式タービン,NA,0,1,89,89,0,0,false,赤城改二戊
94,睦月改二,むつき,-1,3,駆逐艦,10,89,49,45,45,10,45,79,79,28,79,56,56,16,56,43,43,12,43,14,14,14,64,35,51,40,31,0,86,64,39,大発動艇,NA,0,大発動艇,NA,0,NA,NA,NA,NA,NA,NA,NA,NA,NA,1,27,27,0,0,false,NA
133,龍田改二,たつた,-1,0,軽巡洋艦,10,92,49,50,50,13,50,80,80,20,80,80,80,32,80,63,63,29,63,18,18,18,79,37,60,48,34,0,81,79,49,大発動艇,NA,6,大発動艇,NA,6,ドラム缶(輸送用),NA,0,NA,NA,NA,NA,NA,NA,1,42,42,0,0,false,NA
135,比叡改二丙,ひえい,-1,13,戦艦,10,98,49,140,98,76,98,47,47,18,47,99,85,31,85,94,90,71,90,15,15,15,88,22,29,54,19,0,78,0,52,35.6cm連装砲改三(ダズル迷彩仕様),NA,2,35.6cm連装砲改三(ダズル迷彩仕様),NA,0,NA,NA,NA,NA,NA,NA,NA,NA,NA,1,86,86,0,0,false,NA
137,天龍改二,てんりゅう,-1,0,軽巡洋艦,10,86,49,82,64,22,64,78,78,0,78,91,89,40,89,63,63,29,63,17,17,17,77,42,78,49,34,0,76,65,52,203mm/53 連装砲,NA,0,203mm/53 連装砲,NA,0,22号対水上電探改四,NA,0,NA,NA,NA,NA,NA,NA,1,42,42,0,0,false,NA
142,千代田航改二,ちよだ,-1,10,軽空母,10,90,76,34,34,0,34,0,0,0,0,72,72,30,72,65,65,32,65,13,13,13,59,34,0,42,33,0,66,0,75,NA,NA,NA,NA,NA,NA,NA,NA,NA,NA,NA,NA,NA,NA,NA,1,58,58,0,0,false,NA
143,雷改,いかづち,-1,0,駆逐艦,10,95,49,53,49,12,49,79,79,28,79,57,49,15,49,49,49,13,49,12,12,12,59,37,51,34,36,0,88,57,41,12.7cm連装砲,NA,0,12.7cm連装砲,NA,0,13号対空電探改,NA,0,NA,NA,NA,NA,NA,NA,1,30,30,0,0,false,NA
147,鳳翔改二,ほうしょう,-1,0,軽空母,5,99,49,59,53,0,53,15,0,0,0,93,71,24,71,67,67,33,67,50,50,50,120,53,0,47,34,0,87,78,88,天山一二型(村田隊),7,0,彗星一二型甲,7,0,Bf109T改,7,0,零式艦戦64型(制空戦闘機仕様),7,0,NA,NA,NA,1,57,57,0,0,false,鳳翔改二戦
159,千歳航改二,ちとせ,-1,3,軽空母,10,87,49,34,34,0,34,7,0,0,0,72,72,30,72,65,65,32,65,13,13,13,59,34,0,42,33,0,65,5,76,Barracuda Mk.II,7,1,NA,NA,NA,NA,NA,NA,NA,NA,NA,NA,NA,NA,1,58,58,0,0,false,NA
168,祥鳳改,しょうほう,-1,6,軽空母,10,88,49,29,29,0,29,0,0,0,0,39,39,18,39,59,59,25,59,12,12,12,59,29,0,21,34,0,55,0,74,NA,NA,NA,NA,NA,NA,NA,NA,NA,NA,NA,NA,NA,NA,NA,1,45,45,0,0,false,NA
169,千代田甲,ちよだ,-1,0,水上機母艦,10,96,49,32,31,9,31,73,73,15,73,66,42,17,42,39,39,21,39,10,10,10,59,22,58,25,18,0,56,0,97,Type281 レーダー,NA,2,SK+SG レーダー,NA,3,SK レーダー,NA,5,NA,NA,NA,NA,NA,NA,1,42,42,0,0,false,千代田航
177,五十鈴改二,いすず,-1,0,軽巡洋艦,10,92,67,62,62,18,62,79,79,24,79,85,85,45,85,69,69,30,69,14,14,13,70,44,55,40,39,1,77,113,55,三式水中探信儀,NA,0,九四式爆雷投射機,NA,0,二式爆雷,NA,0,NA,NA,NA,NA,NA,NA,1,44,44,0,0,false,NA
190,暁改二,あかつき,-1,0,駆逐艦,10,81,49,62,62,14,62,90,90,32,90,59,59,19,59,50,50,14,50,15,15,15,67,48,58,40,36,0,81,59,52,NA,NA,NA,NA,NA,NA,NA,NA,NA,NA,NA,NA,NA,NA,NA,1,31,31,0,0,false,NA
240,巻雲改二,まきぐも,-1,0,駆逐艦,10,89,49,68,65,18,65,90,90,30,90,78,68,20,68,54,54,15,54,16,16,16,70,47,60,48,39,0,85,77,39,10cm連装高角砲+高射装置,NA,6,三式水中探信儀,NA,0,NA,NA,NA,NA,NA,NA,NA,NA,NA,1,33,33,0,0,false,NA
253,霧島改二丙,きりしま,-1,13,戦艦,10,97,94,158,106,79,106,40,40,17,40,92,82,32,82,96,92,71,92,16,16,16,90,27,23,50,21,0,73,0,51,35.6cm連装砲改三丙,NA,0,46cm三連装砲,NA,0,NA,NA,NA,NA,NA,NA,NA,NA,NA,1,85,85,0,0,false,NA
353,飛鷹改,ひよう,-1,0,軽空母,5,74,49,29,29,0,29,0,0,0,0,68,68,25,69,59,59,30,59,12,12,12,59,29,0,43,29,0,58,0,69,NA,NA,NA,NA,NA,NA,NA,NA,NA,NA,NA,NA,NA,NA,NA,1,50,50,0,0,false,NA
385,龍驤改二,りゅうじょう,-1,13,軽空母,10,96,49,40,40,0,40,0,0,0,0,48,48,24,48,62,62,28,62,15,15,15,59,40,0,24,34,0,68,0,77,寒冷地装備&甲板要員,NA,0,NA,NA,NA,NA,NA,NA,NA,NA,NA,NA,NA,NA,1,50,50,0,0,false,NA
405,伊168改,い168,-1,0,潜水艦,5,70,50,11,11,3,11,69,69,30,69,0,0,0,0,18,18,5,18,10,10,10,49,8,39,0,13,0,39,0,23,応急修理要員,NA,0,NA,NA,NA,NA,NA,NA,NA,NA,NA,NA,NA,NA,1,15,15,0,0,false,NA
455,金剛改二丙,こんごう,-1,9,戦艦,10,99,85,120,99,76,99,46,44,20,44,95,89,32,89,93,91,72,91,18,18,18,98,23,24,57,19,0,78,0,51,35.6cm連装砲改二,NA,0,NA,NA,NA,NA,NA,NA,NA,NA,NA,NA,NA,NA,1,86,86,0,0,false,NA
460,北上改二,きたかみ,0,12,重雷装巡洋艦,10,99,54,63,63,17,63,151,139,90,139,49,49,15,49,63,63,23,63,37,37,30,79,46,49,34,40,7,83,81,43,甲標的 甲型,NA,0,NA,NA,NA,NA,NA,NA,NA,NA,NA,NA,NA,NA,1,43,43,0,0,false,NA
537,伊19改,い19,-1,0,潜水空母,5,79,54,12,12,3,12,89,89,42,89,0,0,0,0,19,19,5,19,13,13,13,59,9,47,0,14,0,41,0,34,NA,NA,NA,NA,NA,NA,NA,NA,NA,NA,NA,NA,NA,NA,NA,1,18,18,0,0,false,NA
599,日向改二,ひゅうが,-1,12,航空戦艦,5,99,49,147,86,58,86,0,0,0,0,123,84,46,84,98,94,73,94,40,40,40,93,28,0,38,21,0,90,85,75,41cm連装砲改二,NA,4,16inch三連装砲 Mk.7,NA,0,烈風改(試製艦載型),7,4,烈風 一一型,7,0,三式弾改,NA,0,1,78,78,0,0,false,NA
630,隼鷹改二,じゅんよう,-1,12,軽空母,5,95,49,40,40,0,40,0,0,0,0,97,74,36,74,62,62,31,62,41,41,41,84,40,0,38,31,0,88,0,80,烈風(六〇一空),7,10,零式艦戦53型(岩本隊),7,10,NA,NA,NA,NA,NA,NA,NA,NA,NA,1,55,55,0,0,false,NA
653,松輪改,まつわ,-1,0,海防艦,5,97,49,38,38,5,38,0,0,0,0,55,55,12,55,33,33,7,33,9,9,9,59,33,0,43,26,0,88,103,27,三式水中探信儀,NA,0,三式爆雷投射機,NA,0,二式爆雷,NA,4,NA,NA,NA,NA,NA,NA,1,17,17,0,0,false,NA
679,伊勢改二,いせ,-1,12,航空戦艦,5,99,49,152,88,60,88,0,0,0,0,104,85,48,85,95,94,75,94,40,40,40,92,28,0,37,19,0,84,7,78,16inch三連装砲 Mk.7,NA,8,41cm三連装砲改二,NA,1,零式水上偵察機11型乙,7,0,一式徹甲弾,NA,0,三式弾改,NA,0,1,78,78,0,0,false,NA
684,蒼龍改二,そうりゅう,-1,0,正規空母,10,96,54,65,65,0,65,0,0,0,0,84,84,34,84,75,75,36,75,17,17,17,68,65,0,50,39,0,74,18,94,彗星(六〇一空),7,0,Ju87C改二(KMX搭載機),7,0,Ju87C改,7,0,NA,NA,NA,NA,NA,NA,1,67,67,0,0,false,NA
696,択捉改,えとろふ,-1,0,海防艦,5,94,49,37,37,5,37,0,0,0,0,54,54,12,54,33,33,7,33,40,40,40,88,32,0,42,26,0,90,101,26,三式水中探信儀,NA,8,三式爆雷投射機,NA,0,二式爆雷,NA,4,NA,NA,NA,NA,NA,NA,1,17,17,0,0,false,NA
697,明石改,あかし,-1,0,工作艦,5,38,49,24,24,6,24,0,0,0,0,19,19,16,36,27,27,9,27,12,12,12,49,18,0,3,18,0,21,0,3,艦艇修理施設,NA,0,艦艇修理施設,NA,0,NA,NA,NA,NA,NA,NA,NA,NA,NA,1,45,45,0,0,false,NA
699,明石改,あかし,-1,0,工作艦,5,72,76,24,24,6,24,0,0,0,0,36,36,16,36,27,27,9,27,12,12,12,49,18,0,20,18,0,31,0,4,艦艇修理施設,NA,0,艦艇修理施設,NA,0,艦艇修理施設,NA,0,艦艇修理施設,NA,0,NA,NA,NA,1,45,45,0,0,false,NA
701,妙高改二,みょうこう,-1,10,重巡洋艦,10,99,62,82,82,50,82,88,88,36,88,80,80,28,80,80,80,47,80,34,34,32,80,32,52,52,33,2,88,0,61,NA,NA,NA,NA,NA,NA,NA,NA,NA,NA,NA,NA,NA,NA,NA,1,56,56,0,0,false,NA
710,阿武隈改二,あぶくま,-1,13,軽巡洋艦,10,99,75,56,56,16,56,126,94,34,94,78,78,35,78,68,68,29,68,20,20,20,74,40,60,43,39,0,83,82,60,甲標的 甲型,NA,0,61cm四連装(酸素)魚雷,NA,7,61cm四連装(酸素)魚雷,NA,3,NA,NA,NA,NA,NA,NA,1,45,45,0,0,false,NA
712,伊26改,い26,-1,0,潜水空母,5,76,54,12,12,3,12,86,86,39,86,0,0,0,0,19,19,5,19,16,16,16,66,9,47,0,14,0,43,0,35,NA,NA,NA,NA,NA,NA,NA,NA,NA,NA,NA,NA,NA,NA,NA,1,18,18,0,0,false,NA
722,山城改二,やましろ,-1,0,航空戦艦,5,81,49,140,98,80,98,0,0,0,0,96,87,43,87,91,91,73,91,14,14,14,70,18,0,44,18,0,62,25,52,試製41cm三連装砲,NA,0,41cm連装砲,NA,0,NA,NA,NA,NA,NA,NA,NA,NA,NA,1,77,77,0,0,false,NA
724,朝潮改二丁,あさしお,-1,0,駆逐艦,10,99,55,55,55,12,55,86,86,36,86,75,75,30,75,55,55,15,55,20,20,17,70,43,50,45,40,3,88,114,55,三式水中探信儀,NA,0,三式爆雷投射機,NA,0,二式爆雷,NA,0,NA,NA,NA,NA,NA,NA,1,34,34,0,0,false,朝潮改二
726,春雨改二,はるさめ,-1,0,駆逐艦,10,80,49,66,66,16,66,86,86,28,86,59,59,20,73,51,51,14,51,18,18,18,79,50,58,39,37,0,82,68,43,NA,NA,NA,NA,NA,NA,NA,NA,NA,NA,NA,NA,NA,NA,NA,1,31,31,0,0,false,NA
727,鈴谷改二,すずや,-1,0,航空巡洋艦,15,99,49,92,76,30,76,88,88,40,88,96,85,30,85,74,74,42,74,14,14,14,76,46,48,55,32,0,98,0,83,20.3cm連装砲,NA,0,20.3cm連装砲,NA,0,三式弾,NA,0,強化型艦本式缶,NA,0,改良型艦本式タービン,NA,0,1,61,61,0,0,false,鈴谷航改二
732,大井改二,おおい,-1,0,重雷装巡洋艦,10,99,49,63,63,17,63,151,139,90,139,49,49,15,49,63,63,23,63,36,36,13,49,46,49,34,40,23,83,82,43,甲標的 甲型,NA,0,NA,NA,NA,NA,NA,NA,NA,NA,NA,NA,NA,NA,1,43,43,0,0,false,NA
739,神威改母,かもい,-1,0,補給艦,5,60,49,25,25,7,25,0,0,0,0,19,19,14,34,33,33,17,33,20,20,20,79,18,0,5,16,0,29,22,42,NA,NA,NA,NA,NA,NA,NA,NA,NA,NA,NA,NA,NA,NA,NA,1,39,39,0,0,false,NA
879,扶桑改二,ふそう,-1,0,航空戦艦,5,89,85,99,99,80,99,0,0,0,0,88,88,44,88,90,90,72,90,13,13,13,69,19,0,44,18,0,65,25,55,NA,NA,NA,NA,NA,NA,NA,NA,NA,NA,NA,NA,NA,NA,NA,1,77,77,0,0,false,NA
881,伊58改,い58,-1,0,潜水空母,5,95,77,12,12,3,12,115,84,36,84,0,0,0,0,22,19,5,19,50,50,50,79,9,48,0,14,0,66,0,44,後期型艦首魚雷(4門),NA,0,後期型艦首魚雷(6門),NA,0,NA,NA,NA,NA,NA,NA,後期型電探&逆探+シュノーケル装備,NA,2,1,18,18,0,0,false,NA
947,鬼怒改二,きぬ,3,0,軽巡洋艦,10,99,49,58,58,15,58,84,84,28,84,86,86,41,86,68,68,29,68,17,17,17,72,43,56,45,39,0,82,87,60,特大発動艇,NA,0,大発動艇,NA,0,大発動艇,NA,0,NA,NA,NA,NA,NA,NA,1,45,45,0,0,false,NA
1015,霞改二,かすみ,-1,12,駆逐艦,10,123,54,67,65,16,65,126,92,33,92,73,72,24,72,53,52,14,52,46,46,37,97,49,59,48,38,9,106,86,67,61cm四連装(酸素)魚雷後期型,NA,9,試製61cm六連装(酸素)魚雷,NA,6,NA,NA,NA,NA,NA,NA,水雷戦隊 熟練見張員,NA,0,1,37,37,0,0,false,霞改二乙
1027,伊8改,い8,-1,0,潜水空母,5,74,54,14,14,4,14,84,84,36,84,0,0,0,0,19,19,5,19,25,25,25,69,10,48,0,14,0,40,0,33,NA,NA,NA,NA,NA,NA,NA,NA,NA,NA,NA,NA,NA,NA,NA,1,19,19,0,0,false,NA
1039,長門改二,ながと,-1,0,戦艦,5,99,49,191,118,91,118,0,0,0,0,127,100,40,100,110,110,88,110,40,40,40,108,27,0,60,22,0,70,0,64,試製41cm三連装砲,NA,0,46cm三連装砲,NA,0,試製41cm三連装砲,NA,0,FuMO25 レーダー,NA,0,三式弾,NA,0,1,91,91,0,0,false,NA
1052,榛名改二乙,はるな,-1,9,戦艦,10,98,54,98,94,74,94,40,40,17,40,107,94,51,94,93,93,70,93,48,48,48,118,20,23,43,23,0,76,0,58,NA,NA,NA,NA,NA,NA,NA,NA,NA,NA,NA,NA,42号対空電探改二,NA,0,1,85,85,0,0,false,榛名改二丙
1057,加賀改二,かが,-1,6,正規空母,10,99,49,56,56,0,56,0,0,0,0,84,84,36,84,80,80,41,80,19,19,18,74,56,0,48,39,1,70,0,90,NA,NA,NA,NA,NA,NA,NA,NA,NA,NA,NA,NA,NA,NA,NA,1,84,84,0,0,false,加賀改二戊
1058,香取改,かとり,-1,0,練習巡洋艦,5,91,60,36,36,16,36,40,40,14,40,49,48,24,48,39,39,15,39,12,12,12,54,20,26,24,24,0,51,68,50,九四式爆雷投射機,NA,5,零式水上偵察機,NA,0,NA,NA,NA,NA,NA,NA,NA,NA,NA,1,40,40,0,0,false,NA
1121,白露改二,しらつゆ,-1,0,駆逐艦,10,93,54,69,69,16,69,87,87,28,87,71,71,17,71,50,50,14,50,16,16,16,80,53,59,54,36,0,88,79,47,ドラム缶(輸送用),NA,0,ドラム缶(輸送用),NA,0,ドラム缶(輸送用),NA,0,NA,NA,NA,NA,NA,NA,1,31,31,0,0,false,NA
1136,球磨改二,くま,-1,0,軽巡洋艦,10,94,49,70,70,22,70,92,92,32,92,80,80,32,80,70,70,29,70,16,16,16,86,48,60,48,41,0,79,77,55,NA,NA,NA,NA,NA,NA,NA,NA,NA,NA,NA,NA,NA,NA,NA,1,46,46,0,0,false,球磨改二丁
1195,由良改二,ゆら,-1,8,軽巡洋艦,10,98,49,62,57,14,57,90,83,26,83,89,88,36,88,67,67,29,67,16,16,16,71,43,57,52,38,0,88,82,64,NA,NA,NA,NA,NA,NA,NA,NA,NA,NA,NA,NA,精鋭水雷戦隊 司令部,NA,4,1,45,45,0,0,false,NA
1202,鳥海改二,ちょうかい,-1,0,重巡洋艦,15,98,49,102,86,55,86,87,87,35,87,77,70,24,70,78,78,46,78,30,30,20,70,31,52,46,32,10,95,2,66,20.3cm連装砲,NA,0,20.3cm連装砲,NA,0,零式水上偵察機,7,0,強化型艦本式缶,NA,0,改良型艦本式タービン,NA,0,1,57,57,0,0,false,NA
1214,翔鶴改二甲,しょうかく,-1,0,装甲空母,20,99,63,70,70,0,70,0,0,0,0,113,88,48,88,83,83,49,83,20,20,20,97,70,0,40,34,0,102,4,90,彗星二二型(六三四空),7,0,橘花改,7,0,橘花改,7,0,新型高温高圧缶,NA,0,改良型艦本式タービン,NA,0,1,78,78,0,0,false,翔鶴改二
1270,衣笠改二,きぬがさ,-1,11,重巡洋艦,10,83,49,106,78,38,78,80,78,24,78,76,66,22,66,73,73,35,73,13,13,13,65,40,54,44,38,0,82,5,63,20.3cm(2号)連装砲,NA,0,20.3cm(2号)連装砲,NA,0,SG レーダー(初期型),NA,0,零式水上偵察機,7,0,NA,NA,NA,1,53,53,0,0,false,NA
1277,陸奥改二,むつ,-1,0,戦艦,5,99,49,194,118,91,118,0,0,0,0,117,102,38,102,111,109,86,109,16,16,16,89,27,0,64,23,0,77,3,65,16inch三連装砲 Mk.6 mod.2,NA,0,46cm三連装砲,NA,0,46cm三連装砲,NA,0,SG レーダー(初期型),NA,0,NA,NA,NA,1,91,91,0,0,false,NA
1306,雪風改二,ゆきかぜ,-1,0,駆逐艦,10,147,53,89,66,17,66,90,90,32,90,118,85,32,85,60,60,16,60,69,69,63,120,49,58,53,44,6,136,99,75,10cm連装高角砲+高射装置,NA,6,10cm連装高角砲+高射装置,NA,6,SG レーダー(初期型),NA,0,NA,NA,NA,NA,NA,NA,1,41,41,0,0,false,NA
1372,Z1 zwei,レーベレヒト・マース,2,2,駆逐艦,10,76,46,51,49,12,49,71,71,27,71,41,39,20,64,53,53,18,53,15,15,15,49,37,44,19,35,0,74,61,35,12.7cm連装砲,NA,0,ドラム缶(輸送用),NA,0,ドラム缶(輸送用),NA,0,NA,NA,NA,NA,NA,NA,1,35,35,0,0,false,NA
1404,青葉改,あおば,-1,0,重巡洋艦,10,70,49,82,73,36,73,59,59,18,59,55,53,18,61,73,72,34,72,30,30,30,79,37,41,35,38,0,68,0,38,18cm/57 三連装主砲,NA,0,NA,NA,NA,NA,NA,NA,NA,NA,NA,NA,NA,NA,1,49,49,0,0,false,NA
1430,弥生改,やよい,-1,0,駆逐艦,10,97,49,39,39,9,39,69,69,18,69,39,39,12,39,39,39,11,39,12,12,12,59,30,51,27,28,0,88,58,38,ドラム缶(輸送用),NA,0,ドラム缶(輸送用),NA,0,NA,NA,NA,NA,NA,NA,NA,NA,NA,1,24,24,0,0,false,NA
1461,大淀改,おおよど,-1,10,軽巡洋艦,10,93,49,71,71,32,71,49,49,0,49,84,77,22,77,70,69,32,69,30,30,30,84,39,49,55,37,0,81,36,85,NA,NA,NA,NA,NA,NA,NA,NA,NA,NA,NA,NA,13号対空電探改(後期型),NA,8,1,47,47,0,0,false,NA
1474,夕張改二特,ゆうばり,-1,0,軽巡洋艦,10,152,53,74,56,14,56,100,88,0,88,80,78,48,78,68,66,36,66,42,42,30,88,42,88,30,30,12,113,95,71,14cm連装砲改,NA,0,14cm連装砲改,NA,0,甲標的 甲型,NA,0,照明弾,NA,0,改良型艦本式タービン,NA,0,1,47,47,0,0,false,夕張改二丁
1504,如月改二,きさらぎ,-1,3,駆逐艦,10,96,49,46,46,10,46,80,80,28,80,57,57,18,57,43,43,12,43,13,13,13,60,36,52,39,31,0,89,67,42,ドラム缶(輸送用),NA,0,ドラム缶(輸送用),NA,0,NA,NA,NA,NA,NA,NA,NA,NA,NA,1,27,27,0,0,false,NA
1556,川内改二,せんだい,0,0,軽巡洋艦,10,97,54,91,69,24,69,89,89,26,89,73,71,20,71,69,69,29,69,14,14,14,80,45,63,51,40,0,81,73,54,8inch三連装砲 Mk.9,NA,0,8inch三連装砲 Mk.9,NA,0,NA,NA,NA,NA,NA,NA,NA,NA,NA,1,49,49,0,0,false,NA
1679,磯風乙改,いそかぜ,-1,13,駆逐艦,10,81,49,75,65,10,65,84,84,24,84,91,83,30,91,55,53,14,53,24,24,24,90,55,60,53,39,0,95,71,53,12.7cm連装砲D型改三,NA,0,12.7cm連装砲D型改三,NA,0,逆探(E27)+22号対水上電探改四(後期調整型),NA,4,NA,NA,NA,NA,NA,NA,1,34,34,0,0,false,NA
1702,夕雲改二,ゆうぐも,-1,11,駆逐艦,10,85,54,72,67,18,67,87,87,30,87,75,68,20,68,54,54,15,54,18,18,18,77,49,57,48,39,0,92,75,49,12.7cm連装砲,NA,0,12.7cm連装砲,NA,0,SG レーダー(初期型),NA,0,NA,NA,NA,NA,NA,NA,1,33,33,0,0,false,NA
1708,龍鳳改二,たいげい・りゅうほう,-1,12,軽空母,10,99,49,47,47,0,47,0,0,0,0,81,81,32,81,74,74,36,74,42,42,42,98,47,0,49,38,0,75,46,80,NA,NA,NA,NA,NA,NA,NA,NA,NA,NA,NA,NA,NA,NA,NA,1,63,63,0,0,false,龍鳳改二戊
1730,浜波改二,はまなみ,-1,0,駆逐艦,10,83,55,67,63,18,63,89,89,30,89,84,80,28,80,53,53,15,53,22,22,22,89,45,59,52,38,0,82,71,47,12.7cm連装砲,NA,0,12.7cm連装砲,NA,0,NA,NA,NA,NA,NA,NA,NA,NA,NA,1,33,33,0,0,false,NA
1739,佐渡改,さど,-1,0,海防艦,5,93,66,39,39,5,39,0,0,0,0,54,54,12,54,33,33,7,33,9,9,9,59,34,0,42,26,0,85,101,27,三式水中探信儀,NA,4,三式爆雷投射機,NA,0,二式爆雷,NA,7,NA,NA,NA,NA,NA,NA,1,17,17,0,0,false,NA
1746,清霜改二,きよしも,-1,10,駆逐艦,10,85,49,69,69,18,69,86,86,29,86,75,75,20,75,53,53,15,53,27,27,27,89,51,57,55,38,0,86,69,38,NA,NA,NA,NA,NA,NA,NA,NA,NA,NA,NA,NA,NA,NA,NA,1,33,33,0,0,false,清霜改二丁
1747,熊野改二,くまの,-1,0,航空巡洋艦,15,99,49,96,76,30,76,87,87,40,87,95,84,30,84,75,75,42,75,13,13,13,75,46,47,54,33,0,97,0,81,20.3cm(2号)連装砲,NA,0,20.3cm(2号)連装砲,NA,0,強化型艦本式缶,NA,0,三式弾,NA,0,改良型艦本式タービン,NA,0,1,62,62,0,0,false,熊野航改二
1751,対馬改,つしま,-1,0,海防艦,5,91,62,36,36,5,36,0,0,0,0,53,53,12,53,34,34,7,34,49,49,49,94,31,0,41,27,0,89,102,26,三式水中探信儀,NA,0,三式爆雷投射機,NA,5,二式爆雷,NA,0,NA,NA,NA,NA,NA,NA,1,17,17,0,0,false,NA
1755,瑞鶴改二甲,ずいかく,-1,0,装甲空母,20,99,70,65,65,0,65,0,0,0,0,109,90,54,90,84,84,49,84,50,50,50,99,65,0,36,35,0,105,4,93,彗星二二型(六三四空),7,2,噴式景雲改,7,0,橘花改,7,0,新型高温高圧缶,NA,7,改良型艦本式タービン,NA,0,1,79,79,0,0,false,瑞鶴改二
1899,不知火改二,しらぬい,-1,1,駆逐艦,10,91,49,82,67,18,67,97,91,30,91,71,64,20,64,56,54,14,54,28,28,24,88,49,61,44,40,4,89,71,45,12.7cm連装砲C型改三H,NA,2,12.7cm連装砲C型改二,NA,7,NA,NA,NA,NA,NA,NA,22号対水上電探改四,NA,2,1,33,33,0,0,false,NA
1906,阿賀野改,あがの,-1,0,軽巡洋艦,10,99,49,68,68,28,68,79,79,24,79,74,73,20,73,69,69,31,69,10,10,10,59,40,55,53,38,0,80,84,64,零式水上偵察機,7,0,ドラム缶(輸送用),NA,0,NA,NA,NA,NA,NA,NA,NA,NA,NA,1,45,45,0,0,false,NA
1918,朧改,おぼろ,-1,0,駆逐艦,10,97,49,55,49,12,49,79,79,28,79,69,49,15,49,49,49,13,49,12,12,12,59,37,51,34,36,0,90,58,38,10cm連装高角砲+高射装置,NA,0,10cm連装高角砲+高射装置,NA,0,NA,NA,NA,NA,NA,NA,NA,NA,NA,1,30,30,0,0,false,NA
2083,Gotland andra,ゴトランド,-1,3,軽巡洋艦,10,99,52,77,60,16,60,73,73,16,73,103,90,30,90,66,67,22,67,26,26,26,108,44,57,60,45,0,85,67,79,Bofors 15cm連装速射砲 Mk.9 Model 1938,NA,0,Bofors 15cm連装速射砲 Mk.9改+単装速射砲 Mk.10改 Model 1938,NA,0,Loire 130M,7,0,Walrus,7,3,NA,NA,NA,1,47,47,0,0,false,NA
2163,陽炎改二,かげろう,-1,0,駆逐艦,10,91,49,78,68,18,68,90,90,30,90,68,62,20,62,55,53,14,53,20,20,20,77,50,60,42,39,0,101,64,39,12.7cm連装砲C型改二,NA,0,12.7cm連装砲D型改二,NA,0,新型高温高圧缶,NA,0,NA,NA,NA,NA,NA,NA,1,33,33,0,0,false,NA
2233,秋雲改二,あきぐも,-1,0,駆逐艦,10,96,54,80,65,18,65,97,91,30,91,72,64,18,64,55,53,15,53,22,22,19,78,47,61,46,38,3,97,78,46,12.7cm連装砲D型改二,NA,0,12.7cm連装砲D型改二,NA,0,NA,NA,NA,NA,NA,NA,22号対水上電探改四,NA,4,1,33,33,0,0,false,NA
2365,荒潮改二,あらしお,-1,0,駆逐艦,10,99,54,73,69,19,69,88,88,33,88,83,70,22,70,52,52,14,52,17,17,17,71,50,55,48,38,0,103,62,60,10cm連装高角砲+高射装置,NA,0,SG レーダー(初期型),NA,0,NA,NA,NA,NA,NA,NA,改良型艦本式タービン,NA,0,1,31,31,0,0,false,NA
2409,満潮改二,みちしお,-1,2,駆逐艦,10,96,53,79,69,19,69,89,89,32,89,69,65,20,65,56,54,15,54,20,20,18,77,50,57,45,39,2,88,59,53,12.7cm連装砲C型改二,NA,3,12.7cm連装砲C型改二,NA,5,特大発動艇+一式砲戦車,NA,0,NA,NA,NA,NA,NA,NA,1,31,31,0,0,false,NA
2484,加古改二,かこ,-1,0,重巡洋艦,15,84,49,100,78,40,78,77,77,25,77,71,65,24,65,72,72,33,72,12,12,12,62,38,52,41,39,0,86,0,48,20.3cm(2号)連装砲,NA,0,20.3cm(2号)連装砲,NA,0,強化型艦本式缶,NA,0,改良型艦本式タービン,NA,0,NA,NA,NA,1,52,52,0,0,false,NA
2487,潮改二,うしお,-1,8,駆逐艦,10,95,49,59,59,10,59,106,84,25,84,81,81,24,81,61,59,15,59,32,32,32,92,49,59,57,44,0,99,73,46,61cm三連装(酸素)魚雷後期型,NA,0,61cm三連装(酸素)魚雷後期型,NA,4,NA,NA,NA,NA,NA,NA,NA,NA,NA,1,33,33,0,0,false,NA
2560,大潮改二,おおしお,-1,3,駆逐艦,10,82,49,67,67,17,67,90,90,33,90,62,62,20,62,51,51,14,51,17,17,17,69,50,57,42,37,0,82,57,46,大発動艇,NA,0,大発動艇,NA,0,NA,NA,NA,NA,NA,NA,NA,NA,NA,1,31,31,0,0,false,NA
2604,山雲改,やまぐも,-1,0,駆逐艦,10,72,49,53,49,12,49,80,80,28,80,54,46,16,50,48,48,14,48,11,11,11,58,37,52,30,34,0,78,54,35,13号対空電探改,NA,0,12.7cm連装砲,NA,0,12.7cm連装砲,NA,0,NA,NA,NA,NA,NA,NA,1,31,31,0,0,false,NA
2668,飛龍改二,ひりゅう,-1,0,正規空母,10,85,49,72,69,0,69,0,0,0,0,86,82,33,82,76,76,37,76,53,53,53,98,69,0,49,39,0,81,7,97,彗星一二型(六三四空/三号爆弾搭載機),7,0,彗星(江草隊),7,0,32号対水上電探,NA,0,NA,NA,NA,NA,NA,NA,1,67,67,0,0,false,NA
2916,浦風丁改,うらかぜ,-1,0,駆逐艦,10,82,49,62,62,12,62,80,80,20,80,76,76,26,76,53,53,14,53,18,18,18,84,50,60,50,39,0,81,80,41,NA,NA,NA,NA,NA,NA,NA,NA,NA,NA,NA,NA,NA,NA,NA,1,33,33,0,0,false,NA
2983,卯月改,うづき,2,0,駆逐艦,10,96,46,34,34,7,34,69,69,18,69,49,49,18,49,39,39,12,39,14,14,14,59,27,51,31,27,0,87,63,38,ドラム缶(輸送用),NA,0,ドラム缶(輸送用),NA,0,ドラム缶(輸送用),NA,0,NA,NA,NA,NA,NA,NA,1,24,24,0,0,false,NA
3031,Fletcher Mk.II,フレッチャー,-1,10,駆逐艦,10,137,51,62,62,16,62,82,82,0,82,95,95,50,95,56,56,17,56,52,52,47,113,46,82,45,39,5,112,138,82,三式水中探信儀,NA,3,三式爆雷投射機,NA,0,二式爆雷,NA,0,NA,NA,NA,NA,NA,NA,1,43,43,0,0,false,Fletcher改 Mod.2
3066,秋津洲改,あきつしま,-1,0,水上機母艦,5,96,49,28,28,8,28,0,0,0,0,44,44,16,44,42,42,13,42,14,14,14,72,20,0,28,29,0,63,0,53,NA,NA,NA,NA,NA,NA,NA,NA,NA,NA,NA,NA,NA,NA,NA,1,37,37,0,0,false,NA
3090,三日月改,みかづき,-1,0,駆逐艦,10,96,49,39,39,9,39,69,69,18,69,39,39,12,39,39,39,11,39,12,12,12,59,30,51,27,28,0,87,57,38,NA,NA,NA,NA,NA,NA,NA,NA,NA,NA,NA,NA,NA,NA,NA,1,24,24,0,0,false,NA
3254,霰改二,あられ,-1,3,駆逐艦,10,92,49,66,66,16,66,87,87,32,87,63,63,20,63,53,53,14,53,15,15,15,68,50,55,43,39,0,87,77,50,大発動艇,NA,0,大発動艇,NA,0,大発動艇,NA,0,NA,NA,NA,NA,NA,NA,1,31,31,0,0,false,NA
3264,長波改二,ながなみ,-1,8,駆逐艦,10,148,51,69,69,18,69,90,90,30,90,67,67,20,67,55,55,15,55,36,36,30,80,51,60,47,40,6,113,86,62,戦闘糧食(特別なおにぎり),NA,3,NA,NA,NA,NA,NA,NA,NA,NA,NA,NA,NA,NA,1,38,38,0,0,false,NA
3279,谷風丁改,たにかぜ,-1,0,駆逐艦,10,84,49,68,59,11,59,84,84,32,84,93,80,27,80,53,51,14,51,17,17,17,80,48,52,53,37,0,92,80,36,QF 4.7inch砲 Mk.XII改,NA,0,5inch単装砲 Mk.30,NA,0,12.7cm連装砲D型改二,NA,0,NA,NA,NA,NA,NA,NA,1,33,33,0,0,false,NA
3532,浜風乙改,はまかぜ,-1,13,駆逐艦,10,83,49,63,63,10,63,83,83,24,83,93,93,32,93,55,54,14,54,20,20,20,88,53,59,61,40,0,84,96,40,Type144/147 ASDIC,NA,0,RUR-4A Weapon Alpha改,NA,0,NA,NA,NA,NA,NA,NA,NA,NA,NA,1,33,33,0,0,false,NA
3536,初霜改二,はつしも,-1,0,駆逐艦,10,91,49,66,63,12,63,85,85,28,85,91,81,35,81,55,55,14,55,53,53,53,100,51,57,46,41,0,92,68,45,10cm連装高角砲,NA,0,12cm単装高角砲,NA,0,NA,NA,NA,NA,NA,NA,NA,NA,NA,1,33,33,0,0,false,NA
3931,Gambier Bay Mk.II,ガンビア・ベイ,-1,0,軽空母,5,79,82,55,55,3,55,0,0,0,0,49,49,25,67,61,61,17,61,16,16,16,73,52,0,24,44,0,55,69,63,ドラム缶(輸送用),NA,0,ドラム缶(輸送用),NA,0,NA,NA,NA,NA,NA,NA,NA,NA,NA,1,53,53,0,0,false,NA
3997,神鷹改二,しんよう,-1,0,軽空母,5,89,49,40,37,15,37,0,0,0,0,60,58,27,58,56,56,26,56,15,15,15,70,22,0,31,30,0,54,90,62,SBD VB-2(爆撃飛行隊),7,0,NA,NA,NA,NA,NA,NA,NA,NA,NA,NA,NA,NA,1,50,50,0,0,false,NA
4014,国後,くなしり,-1,0,海防艦,5,72,49,19,19,4,19,0,0,0,0,22,22,6,22,16,16,4,16,35,35,35,78,15,0,16,12,0,70,77,11,三式水中探信儀,NA,0,三式爆雷投射機,NA,0,NA,NA,NA,NA,NA,NA,NA,NA,NA,1,9,9,0,0,false,国後改
4049,薄雲改,うすぐも,-1,0,駆逐艦,10,70,49,49,49,12,49,79,79,27,79,40,40,14,48,49,49,13,49,9,9,9,54,37,52,26,36,0,75,48,31,ドラム缶(輸送用),NA,0,ドラム缶(輸送用),NA,0,NA,NA,NA,NA,NA,NA,NA,NA,NA,1,30,30,0,0,false,NA
4064,藤波改二,ふじなみ,-1,0,駆逐艦,10,92,94,68,64,18,64,88,88,30,88,88,79,28,79,55,54,15,54,21,21,21,88,46,58,51,39,0,87,74,52,10cm連装高角砲改,NA,4,NA,NA,NA,NA,NA,NA,NA,NA,NA,NA,NA,NA,1,33,33,0,0,false,NA
4069,Гангут два,ガングート,-1,0,戦艦,5,86,49,90,90,66,90,32,32,16,32,72,72,38,72,95,95,71,95,35,35,35,88,24,16,34,24,0,63,0,34,NA,NA,NA,NA,NA,NA,NA,NA,NA,NA,NA,NA,NA,NA,NA,1,77,77,0,0,false,NA
4132,伊47改,い47,1,0,潜水艦,5,79,70,13,12,3,12,109,88,40,88,1,0,0,0,21,21,5,21,50,50,50,97,9,48,0,16,0,60,0,31,21inch艦首魚雷発射管4門(後期型),NA,0,潜水艦後部魚雷発射管4門(後期型),NA,2,NA,NA,NA,NA,NA,NA,潜水艦搭載電探&逆探(E27),NA,0,1,18,18,0,0,false,NA
4154,占守改,しむしゅ,-1,0,海防艦,5,80,49,15,15,5,35,0,0,0,0,25,25,11,53,24,24,7,33,50,50,50,89,10,0,14,17,0,85,93,23,三式水中探信儀,NA,0,三式爆雷投射機,NA,0,二式爆雷,NA,0,NA,NA,NA,NA,NA,NA,1,17,17,0,0,false,NA
4158,神威,かもい,-1,0,補給艦,5,2,49,3,3,3,18,0,0,0,0,8,8,8,24,7,7,6,18,17,17,17,67,0,0,0,1,0,13,0,5,NA,NA,NA,NA,NA,NA,NA,NA,NA,NA,NA,NA,NA,NA,NA,1,36,36,0,0,false,神威改
4205,松改,まつ,-1,0,駆逐艦,10,87,49,43,43,7,43,72,72,16,72,74,74,30,74,55,55,12,55,18,18,18,70,36,56,44,43,0,77,74,48,33号対水上電探,NA,0,NA,NA,NA,NA,NA,NA,NA,NA,NA,NA,NA,NA,1,27,27,0,0,false,NA
4228,早波改,はやなみ,-1,0,駆逐艦,10,79,59,55,51,12,51,80,80,27,80,59,55,18,58,49,49,14,49,10,10,10,55,39,53,37,35,0,79,60,51,12.7cm連装砲,NA,0,12.7cm連装砲,NA,0,22号対水上電探,NA,0,NA,NA,NA,NA,NA,NA,1,32,32,0,0,false,NA
4240,伊400改,い400,-1,0,潜水空母,5,73,54,20,20,6,20,97,82,40,82,0,0,0,0,24,24,7,24,19,19,19,58,14,42,0,17,0,37,0,38,潜水艦後部魚雷発射管4門(初期型),NA,4,潜水艦後部魚雷発射管4門(後期型),NA,3,NA,NA,NA,NA,NA,NA,NA,NA,NA,1,24,24,0,0,false,NA
4246,伊14改,い14,-1,0,潜水空母,5,74,54,12,12,4,12,68,68,32,68,0,0,0,0,23,23,6,23,24,24,24,77,8,36,0,17,0,43,0,36,NA,NA,NA,NA,NA,NA,NA,NA,NA,NA,NA,NA,NA,NA,NA,1,22,22,0,0,false,NA
4249,伊13改,い13,-1,0,潜水空母,5,77,54,16,16,5,16,87,72,32,72,0,0,0,0,22,22,6,22,8,8,8,48,11,40,0,16,0,40,0,36,後期型艦首魚雷(6門),NA,2,NA,NA,NA,NA,NA,NA,NA,NA,NA,NA,NA,NA,1,21,21,0,0,false,NA
4256,伊401改,い401,-1,0,潜水空母,5,71,54,19,19,6,19,112,80,40,80,0,0,0,0,24,24,7,24,20,20,20,59,13,40,0,17,0,34,0,36,潜水艦53cm艦首魚雷(8門),NA,0,潜水艦53cm艦首魚雷(8門),NA,0,NA,NA,NA,NA,NA,NA,NA,NA,NA,1,24,24,0,0,false,NA
4268,Ташкент改,タシュケント,-1,9,駆逐艦,10,99,54,78,66,28,66,68,68,18,68,72,69,30,69,60,56,28,56,45,45,43,100,38,50,39,28,2,97,84,50,130mm B-13連装砲,NA,0,130mm B-13連装砲,NA,0,二式爆雷,NA,0,NA,NA,NA,熟練見張員,NA,0,1,39,39,0,0,false,NA
4292,羽黒改二,はぐろ,-1,0,重巡洋艦,10,98,49,101,85,52,85,84,84,34,84,84,76,24,76,78,78,47,78,19,19,19,76,33,50,52,31,0,87,6,67,零式水上観測機,7,0,20.3cm連装砲,NA,0,20.3cm連装砲,NA,0,零式小型水上機(熟練),7,4,NA,NA,NA,1,57,57,0,0,false,NA
4327,呂500,ゆー511・ろ500,-1,0,潜水艦,5,70,72,13,13,4,13,91,69,30,69,0,0,0,0,22,21,7,21,44,44,44,77,9,39,0,14,0,58,0,27,61cm四連装(酸素)魚雷,NA,0,後期型艦首魚雷(4門),NA,2,NA,NA,NA,NA,NA,NA,NA,NA,NA,1,13,13,0,0,false,NA
4352,初月改二,はつづき,-1,12,駆逐艦,10,99,54,70,70,28,70,82,82,26,82,122,118,81,118,57,57,19,57,18,18,18,85,42,56,37,38,0,95,77,59,NA,NA,NA,NA,NA,NA,NA,NA,NA,NA,NA,NA,電探装備マスト(13号改+22号電探改四),NA,1,1,39,39,0,0,false,NA
4357,伊504,ルイージ・トレッリ,-1,0,潜水艦,5,70,49,15,15,3,15,102,68,30,68,20,20,0,28,23,21,5,21,40,40,40,85,12,38,20,16,0,68,0,31,後期型艦首魚雷(6門),NA,0,後期型艦首魚雷(6門),NA,0,NA,NA,NA,NA,NA,NA,後期型電探&逆探+シュノーケル装備,NA,0,1,14,14,0,0,false,NA
4393,平戸改,ひらと,-1,0,海防艦,5,80,49,25,16,5,37,0,0,0,0,33,26,12,55,26,24,7,33,14,14,14,74,11,0,14,17,0,83,73,24,12.7cm連装砲C型改二,NA,7,12.7cm連装砲C型改二,NA,5,QF 4.7inch砲 Mk.XII改,NA,0,NA,NA,NA,NA,NA,NA,1,17,17,0,0,false,NA
4395,福江改,ふかえ,-1,0,海防艦,5,80,49,26,25,5,35,0,0,0,0,31,26,12,55,23,23,7,34,40,40,40,84,20,0,14,16,0,88,83,22,12cm単装高角砲E型,NA,0,九三式水中聴音機,NA,0,九五式爆雷,NA,0,NA,NA,NA,NA,NA,NA,1,17,17,0,0,false,NA
4400,那智改二,なち,-1,0,重巡洋艦,10,86,49,101,81,50,81,85,85,34,85,91,83,33,83,78,78,48,78,18,18,18,71,31,51,50,30,0,77,4,67,20.3cm(2号)連装砲,NA,0,20.3cm(2号)連装砲,NA,1,零式水上偵察機,7,0,零式水上偵察機,7,0,NA,NA,NA,1,56,56,0,0,false,NA
4504,天霧改二丁,あまぎり,-1,0,駆逐艦,10,97,63,63,58,13,58,84,84,18,84,68,65,14,65,53,53,13,53,33,33,33,88,45,66,51,40,0,89,77,43,特二式内火艇,NA,10,12.7cm連装砲B型改二,NA,0,NA,NA,NA,NA,NA,NA,NA,NA,NA,1,31,31,0,0,false,天霧改二
4505,大東,だいとう,-1,0,海防艦,5,57,56,18,18,4,18,0,0,0,0,36,36,10,36,17,17,4,17,33,33,33,77,14,0,26,13,0,63,79,8,三式水中探信儀,NA,0,三式爆雷投射機,NA,2,NA,NA,NA,NA,NA,NA,NA,NA,NA,1,9,9,0,0,false,大東改
4517,有明改,ありあけ,-1,0,駆逐艦,10,77,49,48,48,7,48,78,78,20,78,42,42,12,54,49,49,12,49,12,12,12,59,41,58,30,37,0,79,49,31,NA,NA,NA,NA,NA,NA,NA,NA,NA,NA,NA,NA,NA,NA,NA,1,30,30,0,0,false,NA
4519,Helena改,ヘレナ,0,11,軽巡洋艦,10,93,54,103,78,36,78,38,38,0,38,93,86,40,86,69,69,27,69,13,13,13,69,42,38,46,42,0,84,41,92,SKC34 20.3cm連装砲,NA,0,SKC34 20.3cm連装砲,NA,0,SOC Seagull,7,10,SG レーダー(初期型),NA,0,NA,NA,NA,1,53,53,0,0,false,NA
4523,Perth改,パース,-1,0,軽巡洋艦,10,96,49,79,72,32,72,72,72,24,72,75,70,28,70,69,68,27,68,22,22,22,65,40,48,42,41,0,72,53,48,6inch 連装速射砲 Mk.XXI,NA,0,NA,NA,NA,NA,NA,NA,NA,NA,NA,NA,NA,NA,1,45,45,0,0,false,NA
4524,松風改,まつかぜ,-1,0,駆逐艦,10,50,49,16,15,7,39,45,45,14,68,28,27,10,50,25,25,10,37,12,12,12,84,8,31,17,15,0,68,56,28,12cm単装砲,NA,0,九三式水中聴音機,NA,0,九四式爆雷投射機,NA,0,NA,NA,NA,NA,NA,NA,1,23,23,0,0,false,NA
4559,照月改,てるづき,-1,9,駆逐艦,10,95,49,62,58,24,58,56,56,25,56,128,114,80,114,56,52,16,52,11,11,11,59,34,31,34,36,0,88,70,47,10cm連装高角砲改+高射装置改,NA,2,NA,NA,NA,NA,NA,NA,NA,NA,NA,NA,NA,NA,1,37,37,0,0,false,NA
4564,South Dakota改,サウスダコタ,-1,0,戦艦,10,95,52,192,109,86,109,0,0,0,0,126,108,58,108,108,108,86,108,36,36,36,98,23,0,50,22,0,73,4,71,46cm三連装砲,NA,0,46cm三連装砲,NA,0,46cm三連装砲,NA,0,SG レーダー(後期型),NA,0,NA,NA,NA,1,91,91,0,0,false,NA
4615,日振改,ひぶり,-1,0,海防艦,5,80,49,28,27,5,38,0,0,0,0,38,33,18,62,16,16,7,34,9,9,9,59,22,0,15,9,0,84,86,24,12cm単装高角砲E型,NA,0,九三式水中聴音機,NA,0,九五式爆雷,NA,0,NA,NA,NA,NA,NA,NA,1,18,18,0,0,false,NA
4649,Hornet改,ホーネット,-1,0,正規空母,10,85,77,55,55,0,55,0,0,0,0,86,86,42,86,84,84,45,84,30,30,30,80,55,0,44,39,0,68,5,84,Ju87C改,6,0,NA,NA,NA,NA,NA,NA,NA,NA,NA,NA,NA,NA,1,81,81,0,0,false,NA
4666,Houston改,ヒューストン,-1,2,重巡洋艦,10,85,49,94,76,46,76,60,60,20,60,81,75,30,75,73,73,40,73,20,20,20,65,30,40,45,33,0,70,0,47,20.3cm(2号)連装砲,NA,0,20.3cm(2号)連装砲,NA,0,NA,NA,NA,NA,NA,NA,NA,NA,NA,1,54,54,0,0,false,NA
4668,時津風改,ときつかぜ,-1,0,駆逐艦,10,93,49,54,48,12,48,79,79,28,79,53,49,16,49,49,49,14,49,12,12,12,59,36,51,33,35,0,85,61,37,12.7cm連装砲B型改二,NA,0,120mm/50 連装砲,NA,0,NA,NA,NA,NA,NA,NA,NA,NA,NA,1,32,32,0,0,false,NA
4671,大鳳改,たいほう,-1,0,装甲空母,10,81,49,59,59,0,59,0,0,0,0,86,86,45,86,84,84,44,84,4,4,4,39,59,0,41,40,0,67,0,72,新型高温高圧缶,NA,0,NA,NA,NA,NA,NA,NA,NA,NA,NA,NA,NA,NA,1,70,70,0,0,false,NA
4764,山風改二丁,やまかぜ,-1,0,駆逐艦,10,96,56,60,60,14,60,84,84,24,84,66,66,16,66,51,51,11,51,10,10,10,73,46,60,50,40,0,83,80,40,NA,NA,NA,NA,NA,NA,NA,NA,NA,NA,NA,NA,NA,NA,NA,1,30,30,0,0,false,山風改二
4841,水無月改,みなづき,-1,0,駆逐艦,10,40,55,43,39,9,39,69,69,18,69,37,33,12,39,39,39,11,39,16,16,16,66,30,51,21,28,0,60,35,26,12.7cm連装砲,NA,0,12.7cm連装砲,NA,0,33号対水上電探,NA,0,NA,NA,NA,NA,NA,NA,1,24,24,0,0,false,NA
4845,涼月改,すずつき,-1,8,駆逐艦,10,82,49,56,56,22,56,52,52,22,52,117,117,82,117,55,55,16,55,37,37,37,90,34,30,35,39,0,84,63,42,NA,NA,NA,NA,NA,NA,NA,NA,NA,NA,NA,NA,NA,NA,NA,1,38,38,0,0,false,NA
5031,天津風改二,あまつかぜ,-1,9,駆逐艦,10,85,49,65,65,16,65,89,89,30,89,72,72,26,72,64,63,15,63,19,19,19,91,49,59,46,48,0,94,73,39,三式水中探信儀改,NA,0,NA,NA,NA,NA,NA,NA,NA,NA,NA,NA,NA,NA,1,35,35,0,0,false,NA
5229,浦波改二,うらなみ,-1,3,駆逐艦,10,86,49,59,59,14,59,85,85,28,85,72,72,28,72,51,51,14,51,29,29,29,99,45,57,44,37,0,86,60,39,大発動艇,NA,0,大発動艇,NA,0,NA,NA,NA,NA,NA,NA,NA,NA,NA,1,31,31,0,0,false,NA
5411,風雲改二,かざぐも,-1,3,駆逐艦,10,86,49,67,67,18,67,89,89,30,89,69,69,20,69,54,54,15,54,22,22,21,81,49,59,49,39,1,88,84,40,Type124 ASDIC,NA,0,NA,NA,NA,NA,NA,NA,NA,NA,NA,NA,NA,NA,1,33,33,0,0,false,NA
5415,朝雲改,あさぐも,-1,3,駆逐艦,10,71,85,54,50,12,50,79,79,28,79,45,37,16,49,49,49,14,49,12,12,12,59,38,51,21,35,0,78,49,34,12.7cm連装砲,NA,0,13号対空電探改,NA,0,12.7cm連装砲,NA,0,NA,NA,NA,NA,NA,NA,1,31,31,0,0,false,NA
5787,三隈改二特,みくま,-1,0,水上機母艦,10,98,82,111,78,31,78,106,92,46,92,101,88,35,88,82,75,41,75,15,15,12,77,47,46,53,34,3,79,6,95,20.3cm(3号)連装砲,NA,0,20.3cm(3号)連装砲,NA,6,瑞雲改二(六三四空),4,0,甲標的 丙型,NA,0,増設バルジ(中型艦),NA,0,1,59,59,0,0,false,三隈改二
5799,野分改,のわき,2,0,駆逐艦,10,95,46,48,48,12,48,79,79,28,79,49,49,16,49,49,49,14,49,13,13,13,59,36,51,33,35,0,86,66,37,ドラム缶(輸送用),NA,0,ドラム缶(輸送用),NA,0,NA,NA,NA,NA,NA,NA,NA,NA,NA,1,32,32,0,0,false,NA
6182,朝霜改二,あさしも,-1,12,駆逐艦,10,97,54,72,69,18,69,95,88,30,88,75,74,18,74,56,55,15,55,29,29,28,86,51,58,56,40,1,103,92,46,三式水中探信儀改,NA,0,NA,NA,NA,NA,NA,NA,NA,NA,NA,水雷戦隊 熟練見張員,NA,1,1,33,33,0,0,false,NA
6211,舞風改,まいかぜ,-1,0,駆逐艦,10,81,49,49,49,12,49,79,79,28,79,49,49,16,49,49,49,14,49,12,12,12,59,37,51,33,35,0,81,71,33,三式爆雷投射機,NA,3,NA,NA,NA,NA,NA,NA,NA,NA,NA,NA,NA,NA,1,32,32,0,0,false,NA
6328,岸波改,きしなみ,1,0,駆逐艦,10,73,95,50,50,12,50,80,80,28,80,48,48,18,56,49,49,14,49,13,13,13,59,38,52,30,35,0,78,60,35,NA,NA,NA,NA,NA,NA,NA,NA,NA,NA,NA,NA,NA,NA,NA,1,32,32,0,0,false,NA
6330,Pola改,ポーラ,-1,0,重巡洋艦,10,84,49,77,77,41,77,44,44,0,44,74,73,21,73,77,77,45,77,11,11,11,57,36,44,52,32,0,65,2,46,零式水上偵察機,7,0,NA,NA,NA,NA,NA,NA,NA,NA,NA,NA,NA,NA,1,56,56,0,0,false,NA
6663,江風改二,かわかぜ,-1,3,駆逐艦,10,96,54,64,62,16,62,98,96,38,96,68,64,18,64,51,51,14,51,19,19,19,75,46,58,46,37,0,98,66,62,SG レーダー(初期型),NA,0,NA,NA,NA,NA,NA,NA,NA,NA,NA,熟練見張員,NA,0,1,31,31,0,0,false,NA
6941,Janus改,ジェーナス,-1,6,駆逐艦,10,99,49,53,53,14,53,90,90,40,90,72,72,30,72,50,50,15,50,22,22,22,87,39,50,42,35,0,86,93,52,NA,NA,NA,NA,NA,NA,NA,NA,NA,NA,NA,NA,NA,NA,NA,1,31,31,0,0,false,NA
6978,Prinz Eugen改,プリンツ・オイゲン,-1,6,重巡洋艦,10,83,49,75,75,48,75,84,84,40,84,60,60,18,60,82,82,48,82,40,40,40,89,27,44,42,34,0,68,0,44,NA,NA,NA,NA,NA,NA,NA,NA,NA,NA,NA,NA,NA,NA,NA,1,63,63,0,0,false,NA
7108,Z3 zwei,マックス・シュルツ,-1,0,駆逐艦,10,72,49,47,47,10,47,71,71,27,71,40,40,24,68,53,53,18,53,15,15,15,49,37,44,16,35,0,72,60,33,ドラム缶(輸送用),NA,0,ドラム缶(輸送用),NA,0,NA,NA,NA,NA,NA,NA,NA,NA,NA,1,35,35,0,0,false,NA
7116,Washington改,ワシントン,-1,0,戦艦,10,86,49,154,107,84,107,0,0,0,0,115,106,55,106,109,104,84,104,38,38,38,108,23,0,51,20,0,63,1,61,16inch三連装砲 Mk.6 mod.2,NA,0,16inch Mk.V連装砲,NA,0,三式弾,NA,0,SOC Seagull,7,0,NA,NA,NA,1,93,93,0,0,false,NA
7125,Sheffield改,シェフィールド,-1,6,軽巡洋艦,10,95,85,74,74,32,74,68,68,24,68,78,78,34,78,68,68,25,68,20,20,20,98,42,44,44,43,0,77,75,70,NA,NA,NA,NA,NA,NA,NA,NA,NA,NA,NA,NA,NA,NA,NA,1,52,52,0,0,false,NA
7137,Jervis改,ジャーヴィス,-1,6,駆逐艦,10,96,49,52,52,14,52,117,90,40,90,71,70,30,70,49,50,15,50,55,55,55,110,38,50,40,35,0,92,111,52,61cm五連装(酸素)魚雷,NA,0,61cm五連装(酸素)魚雷,NA,0,Hedgehog(初期型),NA,0,NA,NA,NA,水雷戦隊 熟練見張員,NA,0,1,31,31,0,0,false,NA
7149,春風,はるかぜ,-1,0,駆逐艦,10,20,52,24,21,5,27,36,36,12,36,23,20,6,28,17,17,5,17,25,25,25,74,16,24,14,12,0,45,25,6,12cm単装砲,NA,0,12.7cm連装砲,NA,0,NA,NA,NA,NA,NA,NA,NA,NA,NA,1,12,12,0,0,false,春風改
7154,筑摩改二,ちくま,-1,0,航空巡洋艦,10,84,49,79,79,46,79,83,83,33,83,85,85,33,85,79,79,48,79,14,14,14,70,33,50,52,31,0,74,0,84,NA,NA,NA,NA,NA,NA,NA,NA,NA,NA,NA,NA,NA,NA,NA,1,58,58,0,0,false,NA
7214,海風改二,うみかぜ,-1,0,駆逐艦,10,94,49,67,61,15,61,93,93,38,93,89,69,19,69,51,51,14,51,20,20,20,85,46,55,50,37,0,89,79,48,10cm連装高角砲+高射装置,NA,0,10cm連装高角砲+高射装置,NA,0,NA,NA,NA,NA,NA,NA,NA,NA,NA,1,31,31,0,0,false,NA
7238,北上改二,きたかみ,-1,9,重雷装巡洋艦,10,86,49,63,63,17,63,151,139,90,139,49,49,15,49,63,63,23,63,35,35,30,79,46,49,34,40,5,77,72,38,甲標的 甲型,NA,0,NA,NA,NA,NA,NA,NA,NA,NA,NA,NA,NA,NA,1,43,43,0,0,false,NA
7240,北上改二,きたかみ,-1,8,重雷装巡洋艦,10,86,59,63,63,17,63,151,139,90,139,49,49,15,49,63,63,23,63,30,30,30,79,46,49,34,40,0,77,72,38,甲標的 甲型,NA,0,NA,NA,NA,NA,NA,NA,NA,NA,NA,NA,NA,NA,1,43,43,0,0,false,NA
7386,Nelson改,ネルソン,-1,5,戦艦,5,98,85,114,114,81,114,0,0,0,0,92,92,30,92,104,104,84,104,28,28,28,98,33,0,62,20,0,57,0,47,NA,NA,NA,NA,NA,NA,NA,NA,NA,NA,NA,NA,NA,NA,NA,1,93,93,0,0,false,NA
7398,Richelieu Deux,リシュリュー,-1,8,戦艦,10,89,85,149,122,84,122,0,0,0,0,92,86,40,86,111,109,83,109,28,28,28,118,38,0,46,26,0,70,0,54,46cm三連装砲改,NA,8,NA,NA,NA,NA,NA,NA,NA,NA,NA,NA,NA,NA,1,91,91,0,0,false,NA
7403,Scirocco改,シロッコ,-1,1,駆逐艦,10,82,84,55,55,13,55,72,72,27,72,63,63,22,63,50,50,15,50,13,13,13,69,42,45,41,35,0,85,83,39,Type124 ASDIC,NA,0,NA,NA,NA,NA,NA,NA,NA,NA,NA,NA,NA,NA,1,28,28,0,0,false,NA
7472,Aquila改,アクィラ,-1,5,正規空母,10,79,49,31,31,0,31,0,0,0,0,68,68,30,72,58,58,28,58,7,7,7,49,31,0,38,30,0,64,0,64,NA,NA,NA,NA,NA,NA,NA,NA,NA,NA,NA,NA,NA,NA,NA,1,48,48,0,0,false,NA
7488,能代改二,のしろ,-1,0,軽巡洋艦,10,97,63,78,78,30,78,86,86,28,86,82,82,26,82,72,72,33,72,13,13,13,77,48,58,56,39,0,82,82,60,ドラム缶(輸送用),NA,0,ドラム缶(輸送用),NA,0,ドラム缶(輸送用),NA,0,ドラム缶(輸送用),NA,0,NA,NA,NA,1,53,53,0,0,false,NA
7500,Colorado改,コロラド,-1,0,戦艦,5,80,80,128,105,80,105,0,0,0,0,86,84,36,100,101,99,83,99,40,40,40,110,25,0,48,16,0,49,0,45,16inch Mk.V連装砲,NA,0,NA,NA,NA,NA,NA,NA,NA,NA,NA,NA,NA,NA,1,91,91,0,0,false,NA
7520,Commandant Teste改,コマンダン・テスト,-1,0,水上機母艦,5,71,49,72,58,32,58,0,0,0,0,55,43,20,48,58,56,26,56,20,20,20,88,26,0,23,30,0,40,4,83,6inch Mk.XXIII三連装砲,NA,0,6inch Mk.XXIII三連装砲,NA,0,瑞雲,5,1,42号対空電探,NA,0,NA,NA,NA,1,43,43,0,0,false,NA
7521,Commandant Teste改,コマンダン・テスト,-1,12,水上機母艦,5,86,49,58,58,32,58,0,0,0,0,48,48,20,48,56,56,26,56,20,20,20,88,26,0,28,30,0,41,0,80,NA,NA,NA,NA,NA,NA,NA,NA,NA,NA,NA,NA,NA,NA,NA,1,43,43,0,0,false,NA
7526,親潮改二,おやしお,-1,0,駆逐艦,10,82,78,73,68,18,68,89,89,30,89,78,66,19,66,54,54,14,54,21,21,21,84,50,59,47,40,0,83,62,36,10cm連装高角砲+高射装置,NA,0,12.7cm連装砲,NA,0,NA,NA,NA,NA,NA,NA,NA,NA,NA,1,33,33,0,0,false,NA
7658,神州丸改,しんしゅうまる,-1,0,揚陸艦,5,75,49,36,36,6,36,0,0,0,0,37,37,12,46,45,45,12,45,18,18,18,68,30,0,25,33,0,39,43,49,NA,NA,NA,NA,NA,NA,NA,NA,NA,NA,NA,NA,NA,NA,NA,1,39,39,0,0,false,NA
7751,黒潮改二,くろしお,-1,0,駆逐艦,10,85,49,73,69,18,69,88,88,30,88,78,65,20,65,54,53,14,53,22,22,22,81,51,58,45,39,0,98,70,58,SG レーダー(初期型),NA,0,SG レーダー(初期型),NA,0,GFCS Mk.37,NA,2,NA,NA,NA,NA,NA,NA,1,33,33,0,0,false,NA
7862,足柄改二,あしがら,-1,12,重巡洋艦,10,87,54,84,84,53,84,84,84,34,84,77,77,26,77,79,79,47,79,20,20,20,75,31,50,51,32,0,81,0,52,発煙装置(煙幕),NA,10,NA,NA,NA,NA,NA,NA,NA,NA,NA,NA,NA,NA,1,56,56,0,0,false,NA
8036,高波改二,たかなみ,-1,11,駆逐艦,10,87,53,86,68,16,68,95,87,30,87,73,64,20,64,56,54,15,54,12,12,12,73,52,57,44,39,0,96,70,64,12.7cm連装砲D型改二,NA,0,12.7cm連装砲D型改二,NA,0,22号対水上電探改四,NA,0,NA,NA,NA,熟練見張員,NA,0,1,33,33,0,0,false,NA
8046,萩風改,はぎかぜ,-1,0,駆逐艦,10,70,76,54,50,13,50,79,79,28,79,53,49,16,49,49,49,14,49,12,12,12,63,37,51,33,35,0,74,66,29,12.7cm連装砲,NA,0,12.7cm連装砲,NA,0,三式水中探信儀,NA,0,NA,NA,NA,NA,NA,NA,1,32,32,0,0,false,NA
8322,若葉改,わかば,-1,0,駆逐艦,10,64,71,55,49,12,49,79,79,28,79,55,44,15,49,49,49,13,49,12,12,12,59,37,51,29,36,0,74,46,27,12.7cm連装砲B型改二,NA,0,25mm連装機銃,NA,0,12.7cm連装砲B型改二,NA,0,NA,NA,NA,NA,NA,NA,1,30,30,0,0,false,NA
8334,初春改二,はつはる,-1,0,駆逐艦,10,85,49,55,55,13,55,90,90,32,90,73,73,23,73,51,51,14,51,16,16,16,59,42,58,50,37,0,84,63,40,NA,NA,NA,NA,NA,NA,NA,NA,NA,NA,NA,NA,NA,NA,NA,1,31,31,0,0,false,NA
8523,大井改二,おおい,-1,5,重雷装巡洋艦,10,82,49,63,63,17,63,151,139,90,139,49,49,15,49,63,63,23,63,13,13,13,49,46,49,34,40,0,76,70,37,甲標的 甲型,NA,0,NA,NA,NA,NA,NA,NA,NA,NA,NA,NA,NA,NA,1,43,43,0,0,false,NA
8629,大井改二,おおい,-1,6,重雷装巡洋艦,10,89,49,63,63,17,63,151,139,90,139,49,49,15,49,63,63,23,63,13,13,13,49,46,49,34,40,0,78,73,39,甲標的 甲型,NA,0,NA,NA,NA,NA,NA,NA,NA,NA,NA,NA,NA,NA,1,43,43,0,0,false,NA
9035,嵐改,あらし,3,0,駆逐艦,10,75,49,49,49,12,49,79,79,28,79,45,45,16,49,49,49,14,49,12,12,12,63,37,51,29,35,0,77,60,31,ドラム缶(輸送用),NA,0,ドラム缶(輸送用),NA,0,NA,NA,NA,NA,NA,NA,NA,NA,NA,1,32,32,0,0,false,NA
9271,曙改二,あけぼの,-1,13,駆逐艦,10,90,49,60,60,10,60,87,87,25,87,80,80,22,80,55,54,14,54,18,18,18,88,50,62,58,40,0,90,100,42,Type144/147 ASDIC,NA,0,RUR-4A Weapon Alpha改,NA,0,NA,NA,NA,NA,NA,NA,NA,NA,NA,1,31,31,0,0,false,NA
9454,多摩改二,たま,2,0,軽巡洋艦,10,86,46,70,61,16,61,91,91,25,91,86,83,33,83,70,69,29,69,13,13,13,69,45,66,50,40,0,77,79,54,大発動艇,NA,6,大発動艇,NA,2,152mm/55 三連装速射砲改,NA,0,NA,NA,NA,NA,NA,NA,1,46,46,0,0,false,NA
9472,長良改,ながら,-1,0,軽巡洋艦,10,70,100,78,69,20,69,89,89,24,89,61,57,15,69,69,69,29,69,12,12,12,59,49,65,42,40,0,67,64,42,20.3cm(2号)連装砲,NA,0,零式水上偵察機,7,0,NA,NA,NA,NA,NA,NA,NA,NA,NA,1,43,43,0,0,false,NA
9753,神風改,かみかぜ,-1,0,駆逐艦,10,78,49,44,41,8,41,69,69,14,69,53,39,14,48,39,39,10,39,40,40,40,99,33,55,25,29,0,91,65,38,10cm連装高角砲+高射装置,NA,0,13号対空電探改,NA,4,NA,NA,NA,NA,NA,NA,NA,NA,NA,1,23,23,0,0,false,NA
9861,神州丸,しんしゅうまる,-1,0,揚陸艦,5,1,49,5,5,5,22,0,0,0,0,10,10,10,32,13,13,9,35,14,14,14,54,0,0,0,4,0,13,20,20,NA,NA,NA,NA,NA,NA,NA,NA,NA,NA,NA,NA,NA,NA,NA,1,37,37,0,0,false,神州丸改
9940,大鯨,たいげい・りゅうほう,-1,0,潜水母艦,5,70,54,15,15,5,15,0,0,0,0,37,36,16,36,37,37,15,37,20,20,20,59,10,0,20,22,0,34,2,45,零式水上偵察機,7,0,NA,NA,NA,NA,NA,NA,NA,NA,NA,NA,NA,NA,1,39,39,0,0,false,龍鳳
9968,早霜改二,はやしも,-1,0,駆逐艦,10,80,91,77,67,18,67,89,84,29,84,47,43,20,72,54,53,15,53,18,18,18,78,49,55,23,38,0,87,67,41,12.7cm連装砲D型改二,NA,0,22号対水上電探改四,NA,0,NA,NA,NA,NA,NA,NA,NA,NA,NA,1,33,33,0,0,false,NA
10024,桃改,もも,3,0,駆逐艦,10,75,49,41,41,7,41,71,71,16,71,71,71,28,77,55,55,12,55,11,11,11,55,34,55,43,43,0,70,69,35,ドラム缶(輸送用),NA,0,ドラム缶(輸送用),NA,0,ドラム缶(輸送用),NA,0,NA,NA,NA,NA,NA,NA,1,26,26,0,0,false,NA
10027,速吸改,はやすい,-1,0,補給艦,5,73,49,36,36,8,36,10,0,0,0,49,48,20,48,19,19,6,19,8,8,8,44,28,0,28,13,0,36,33,49,流星,7,0,強化型艦本式缶,NA,0,NA,NA,NA,NA,NA,NA,NA,NA,NA,1,48,48,0,0,false,NA
10030,Fletcher改,フレッチャー,-1,0,駆逐艦,10,63,49,54,54,15,54,73,72,26,72,55,55,40,91,52,52,16,52,40,40,40,100,39,46,15,36,0,74,97,46,Mk.32 対潜魚雷(Mk.2落射機),NA,0,NA,NA,NA,NA,NA,NA,NA,NA,NA,NA,NA,NA,1,35,35,0,0,false,Fletcher改 Mod.2
10044,照月改,てるづき,-1,1,駆逐艦,10,65,51,62,58,24,58,56,56,25,56,108,104,80,114,52,52,16,52,11,11,11,59,34,31,24,36,0,73,57,35,12.7cm連装砲,NA,0,12.7cm連装砲,NA,0,NA,NA,NA,NA,NA,NA,NA,NA,NA,1,37,37,0,0,false,NA
10084,伊203改,い203,-1,0,潜水艦,5,78,54,5,4,1,4,97,69,22,69,6,5,0,5,18,18,4,18,24,24,24,88,3,47,5,14,0,85,0,44,試製FaT仕様九五式酸素魚雷改,NA,0,21inch艦首魚雷発射管6門(後期型),NA,2,NA,NA,NA,NA,NA,NA,潜水艦搭載電探&水防式望遠鏡,NA,0,1,13,13,0,0,false,NA
10092,石垣,いしがき,-1,0,海防艦,5,29,84,20,20,4,20,0,0,0,0,14,14,6,22,16,16,4,16,9,9,9,49,16,0,8,12,0,53,64,7,三式水中探信儀,NA,0,三式水中探信儀,NA,0,NA,NA,NA,NA,NA,NA,NA,NA,NA,1,9,9,0,0,false,石垣改
10145,South Dakota改,サウスダコタ,-1,0,戦艦,10,82,82,165,109,86,109,0,0,0,0,112,108,58,108,110,108,86,108,36,36,36,98,23,0,50,22,0,60,0,52,16inch三連装砲 Mk.6,NA,0,16inch三連装砲 Mk.6,NA,0,九一式徹甲弾,NA,4,NA,NA,NA,NA,NA,NA,1,91,91,0,0,false,NA
10173,八丈,はちじょう,-1,0,海防艦,5,54,49,18,18,4,18,0,0,0,0,24,24,7,24,16,16,4,16,40,40,40,79,14,0,17,12,0,64,71,8,三式水中探信儀,NA,0,三式爆雷投射機,NA,0,NA,NA,NA,NA,NA,NA,NA,NA,NA,1,9,9,0,0,false,八丈改
10184,敷波改二,しきなみ,-1,0,駆逐艦,10,87,49,67,61,13,61,88,88,28,88,64,62,16,62,53,51,14,51,36,36,30,80,48,60,46,37,6,88,73,43,12.7cm連装砲A型改二,NA,4,12.7cm連装砲A型改二,NA,7,NA,NA,NA,NA,NA,NA,NA,NA,NA,1,31,31,0,0,false,NA
10205,日進甲,にっしん,-1,3,水上機母艦,10,98,49,62,62,20,62,88,88,0,88,95,66,25,66,48,47,24,47,10,10,10,63,42,88,41,23,0,77,1,100,強風改,7,0,強風改,7,0,強風改二,7,0,二式水戦改(熟練),7,0,12cm30連装噴進砲改二,NA,0,1,49,49,0,0,false,NA
10206,皐月改二,さつき,-1,0,駆逐艦,10,87,49,42,42,8,42,78,78,27,78,82,82,40,82,45,45,12,45,20,20,20,79,34,51,42,33,0,91,74,40,大発動艇,NA,0,大発動艇,NA,0,ドラム缶(輸送用),NA,0,NA,NA,NA,NA,NA,NA,1,29,29,0,0,false,NA
10261,巻波改,まきなみ,-1,0,駆逐艦,10,72,49,61,54,12,54,81,81,28,81,62,47,16,56,49,49,14,49,9,9,9,54,42,53,31,35,0,78,58,50,10cm連装高角砲+高射装置,NA,0,120mm/50 連装砲,NA,0,SG レーダー(初期型),NA,0,NA,NA,NA,NA,NA,NA,1,32,32,0,0,false,NA
10262,Northampton改,ノーザンプトン,-1,0,重巡洋艦,10,81,49,101,75,45,75,65,65,20,65,68,66,30,78,73,73,40,73,12,12,12,59,30,45,36,33,0,65,0,45,8inch三連装砲 Mk.9,NA,0,8inch三連装砲 Mk.9,NA,0,NA,NA,NA,NA,NA,NA,NA,NA,NA,1,55,55,0,0,false,NA
10295,鹿島改,かしま,-1,0,練習巡洋艦,5,82,49,37,37,14,37,39,39,13,39,64,62,22,62,39,39,15,39,20,20,20,79,23,26,40,24,0,49,65,53,零式水上偵察機,7,0,零式水上偵察機,7,0,NA,NA,NA,NA,NA,NA,NA,NA,NA,1,40,40,0,0,false,NA
10445,South Dakota改,サウスダコタ,-1,0,戦艦,10,84,61,167,109,86,109,0,0,0,0,112,108,58,108,112,108,86,108,36,36,36,98,23,0,50,22,0,60,0,53,16inch三連装砲 Mk.6 mod.2,NA,0,16inch三連装砲 Mk.6,NA,0,九一式徹甲弾,NA,0,NA,NA,NA,NA,NA,NA,1,91,91,0,0,false,NA
10496,矢矧改二乙,やはぎ,-1,8,軽巡洋艦,10,150,53,93,81,30,81,100,88,24,88,95,88,36,88,77,74,32,74,38,38,17,89,51,64,52,42,21,112,119,88,15.2cm連装砲改二,NA,1,零式水上偵察機,7,0,甲標的 甲型,NA,0,NA,NA,NA,北方迷彩(+北方装備),NA,6,1,61,61,0,0,false,矢矧改二
10749,Honolulu改,ホノルル,-1,0,軽巡洋艦,10,80,100,94,77,34,77,40,40,0,40,81,75,36,80,69,67,26,67,27,27,27,87,43,40,39,41,0,73,35,71,6inch三連装速射砲 Mk.16 mod.2,NA,0,6inch三連装速射砲 Mk.16,NA,0,OS2U,1,0,NA,NA,NA,NA,NA,NA,1,53,53,0,0,false,NA
10772,宗谷,そうや,-1,0,補給艦,5,81,49,1,1,0,1,0,0,0,0,0,0,0,0,62,62,15,62,77,77,77,155,1,0,0,47,0,76,3,29,NA,NA,NA,NA,NA,NA,NA,NA,NA,NA,NA,NA,NA,NA,NA,1,26,26,0,0,false,宗谷
10796,迅鯨改,じんげい,-1,0,潜水母艦,5,79,54,40,40,8,40,0,0,0,0,34,34,14,34,34,34,17,34,16,16,16,60,32,0,20,17,0,34,0,39,NA,NA,NA,NA,NA,NA,NA,NA,NA,NA,NA,NA,NA,NA,NA,1,38,38,0,0,false,NA
10824,涼波改,すずなみ,-1,0,駆逐艦,10,71,85,52,52,12,52,82,82,27,82,49,49,14,54,48,48,14,48,7,7,7,50,40,55,35,34,0,67,66,41,三式水中探信儀,NA,0,NA,NA,NA,NA,NA,NA,NA,NA,NA,NA,NA,NA,1,32,32,0,0,false,NA
10965,秋月改,あきづき,-1,0,駆逐艦,10,91,77,65,57,24,57,54,54,24,54,150,116,80,116,53,53,16,53,12,12,12,69,33,30,36,37,0,94,68,54,10cm連装高角砲+高射装置,NA,6,10cm連装高角砲+高射装置,NA,6,13号対空電探改,NA,0,NA,NA,NA,13号対空電探改(後期型),NA,1,1,37,37,0,0,false,NA
11089,漣改,さざなみ,-1,0,駆逐艦,10,79,49,52,49,12,49,79,79,28,79,59,49,15,49,49,49,13,49,12,12,12,59,37,51,34,36,0,81,51,32,10cm連装高角砲+高射装置,NA,0,ドラム缶(輸送用),NA,0,ドラム缶(輸送用),NA,0,NA,NA,NA,NA,NA,NA,1,30,30,0,0,false,NA
11314,村雨改二,むらさめ,-1,0,駆逐艦,10,85,49,72,68,16,68,88,88,28,88,72,70,18,70,52,51,14,51,17,17,17,77,52,60,52,37,0,85,73,41,12.7cm連装砲C型改三,NA,0,NA,NA,NA,NA,NA,NA,NA,NA,NA,NA,NA,NA,1,31,31,0,0,false,NA
11621,初風改,はつかぜ,-1,0,駆逐艦,10,20,49,20,18,12,49,43,33,28,79,26,19,16,49,20,20,14,49,12,12,12,59,6,5,3,6,0,55,34,14,10cm連装高角砲,NA,0,61cm四連装(酸素)魚雷,NA,0,NA,NA,NA,NA,NA,NA,NA,NA,NA,1,32,32,0,0,false,NA
12051,Libeccio改,リベッチオ,-1,0,駆逐艦,10,83,49,54,48,11,48,72,72,27,72,79,59,20,59,50,50,15,50,16,16,16,69,37,45,39,35,0,87,73,45,10cm連装高角砲+高射装置,NA,0,10cm連装高角砲+高射装置,NA,0,22号対水上電探,NA,0,NA,NA,NA,NA,NA,NA,1,29,29,0,0,false,NA
12059,Warspite改,ウォースパイト,-1,6,戦艦,5,85,70,151,107,86,107,0,0,0,0,102,98,48,98,95,93,78,93,70,70,70,117,21,0,50,15,0,61,0,54,16inch三連装砲 Mk.6,NA,0,16inch三連装砲 Mk.6,NA,0,NA,NA,NA,NA,NA,NA,NA,NA,NA,1,82,82,0,0,false,NA
12063,Janus改,ジェーナス,-1,0,駆逐艦,10,76,49,53,53,14,53,90,90,40,90,54,54,30,72,50,50,15,50,22,22,22,87,39,50,24,35,0,76,83,42,NA,NA,NA,NA,NA,NA,NA,NA,NA,NA,NA,NA,NA,NA,NA,1,31,31,0,0,false,NA
12068,Maestrale改,マエストラーレ,-1,0,駆逐艦,10,72,49,60,54,13,54,72,72,27,72,79,55,22,63,50,50,15,50,17,17,17,84,41,45,33,35,0,84,69,40,10cm連装高角砲+高射装置,NA,0,10cm連装高角砲+高射装置,NA,0,13号対空電探改,NA,0,NA,NA,NA,NA,NA,NA,1,29,29,0,0,false,NA
12102,Pola改,ポーラ,-1,0,重巡洋艦,10,51,49,95,77,41,77,44,44,0,44,56,44,21,73,77,77,45,77,11,11,11,57,36,44,23,32,0,56,3,35,20.3cm(2号)連装砲,NA,0,20.3cm(2号)連装砲,NA,0,二式水戦改(熟練),7,0,零式水上偵察機,7,0,NA,NA,NA,1,56,56,0,0,false,NA
12139,Conte di Cavour nuovo,カブール,-1,2,戦艦,10,96,49,119,95,64,95,30,30,8,30,92,90,48,90,93,91,57,91,24,24,24,88,31,22,42,34,0,68,0,56,16inch三連装砲 Mk.6 mod.2,NA,0,NA,NA,NA,NA,NA,NA,NA,NA,NA,NA,NA,NA,1,78,78,0,0,false,NA
12233,Zara due,ザラ,-1,5,重巡洋艦,10,94,49,109,87,57,87,48,48,0,48,99,90,35,90,90,88,55,88,17,17,17,70,30,48,55,33,0,71,8,69,試製20.3cm(4号)連装砲,NA,3,試製20.3cm(4号)連装砲,NA,0,Ar196改,7,0,Loire 130M,7,0,NA,NA,NA,1,62,62,0,0,false,NA
12245,Pola改,ポーラ,-1,0,重巡洋艦,10,70,98,95,77,41,77,44,44,0,44,61,59,21,73,77,77,45,77,11,11,11,57,36,44,38,32,0,61,1,40,203mm/53 連装砲,NA,0,203mm/53 連装砲,NA,0,SOC Seagull,7,3,NA,NA,NA,NA,NA,NA,1,56,56,0,0,false,NA
12251,Victorious改,ヴィクトリアス,-1,0,装甲空母,10,82,60,59,55,0,55,6,0,0,0,84,84,40,84,85,85,49,85,22,22,22,110,55,0,44,36,0,60,8,80,Swordfish,7,0,Swordfish,7,0,NA,NA,NA,NA,NA,NA,NA,NA,NA,1,74,74,0,0,false,NA
12320,Janus改,ジェーナス,-1,5,駆逐艦,10,86,52,53,53,14,53,90,90,40,90,72,72,30,72,50,50,15,50,22,22,22,87,39,50,42,35,0,80,87,46,NA,NA,NA,NA,NA,NA,NA,NA,NA,NA,NA,NA,NA,NA,NA,1,31,31,0,0,false,NA
12347,Roma改,ローマ,-1,0,戦艦,10,83,85,146,105,82,105,0,0,0,0,100,94,46,94,90,90,76,90,8,8,8,57,23,0,48,14,0,62,0,46,381mm/50 三連装砲,NA,0,381mm/50 三連装砲改,NA,0,NA,NA,NA,NA,NA,NA,NA,NA,NA,1,92,92,0,0,false,NA
12474,文月改二,ふみづき,3,0,駆逐艦,10,98,49,45,45,7,45,77,77,27,77,82,82,37,82,46,46,12,46,17,17,17,77,38,50,45,34,0,92,80,46,大発動艇,NA,6,大発動艇,NA,6,大発動艇,NA,6,NA,NA,NA,NA,NA,NA,1,27,27,0,0,false,NA
12763,長月改,ながつき,-1,0,駆逐艦,10,56,49,39,39,9,39,69,69,18,69,34,34,12,39,39,39,11,39,20,20,20,79,30,51,22,28,0,67,41,24,ドラム缶(輸送用),NA,0,ドラム缶(輸送用),NA,0,ドラム缶(輸送用),NA,0,NA,NA,NA,NA,NA,NA,1,24,24,0,0,false,NA
12810,大鷹改二,たいよう,-1,1,軽空母,5,95,81,41,39,18,39,9,0,0,0,63,54,24,54,55,55,26,55,14,14,14,64,21,0,30,29,0,56,104,73,TBM-3D,7,0,彗星(六〇一空),7,0,F6F-3N,7,0,NA,NA,NA,NA,NA,NA,1,49,49,0,0,false,NA
12894,瑞穂改,みずほ,-1,3,水上機母艦,5,75,49,45,45,18,45,72,72,15,72,44,44,18,44,48,48,24,48,10,10,10,54,27,57,26,24,0,37,0,80,NA,NA,NA,NA,NA,NA,NA,NA,NA,NA,NA,NA,NA,NA,NA,1,43,43,0,0,false,NA
13069,昭南,しょうなん,-1,0,海防艦,5,14,49,13,12,4,18,0,0,0,0,29,24,10,38,11,11,4,17,9,9,9,57,8,0,14,7,0,49,45,4,12cm単装高角砲E型,NA,0,NA,NA,NA,NA,NA,NA,NA,NA,NA,NA,NA,NA,1,9,9,0,0,false,昭南改
13114,第三〇号海防艦,だいさんじゅうごう,-1,0,海防艦,5,47,50,15,15,3,15,0,0,0,0,21,21,4,21,15,15,4,15,17,17,17,77,12,0,17,11,0,56,52,6,九三式水中聴音機,NA,0,NA,NA,NA,NA,NA,NA,NA,NA,NA,NA,NA,NA,1,9,9,0,0,false,第三〇号海防艦改
13131,Scamp改,スキャンプ,-1,0,潜水艦,5,70,97,13,13,2,13,82,82,40,82,0,0,0,0,23,23,6,23,17,17,17,72,11,42,0,17,0,44,0,34,NA,NA,NA,NA,NA,NA,NA,NA,NA,NA,NA,NA,NA,NA,NA,1,17,17,0,0,false,NA
13175,Intrepid改,イントレピッド,-1,9,正規空母,10,76,85,58,58,0,58,15,0,0,0,89,86,55,95,90,90,52,90,50,50,50,100,58,0,31,38,0,62,13,91,流星改(一航戦/熟練),7,2,九九式練爆二二型改(夜間装備実験機),7,0,NA,NA,NA,NA,NA,NA,NA,NA,NA,1,69,69,0,0,false,NA
13244,那珂改二,なか,-1,0,軽巡洋艦,10,85,49,87,69,22,69,84,84,28,84,82,76,24,76,68,68,29,68,13,13,13,84,47,56,52,39,0,76,80,48,20.3cm(2号)連装砲,NA,1,20.3cm(2号)連装砲,NA,0,ドラム缶(輸送用),NA,0,NA,NA,NA,NA,NA,NA,1,48,48,0,0,false,NA
13464,愛宕改,あたご,-1,0,重巡洋艦,10,70,100,77,77,48,77,79,79,24,79,67,63,20,69,75,75,45,75,10,10,10,59,29,55,43,30,0,67,0,42,21号対空電探,NA,0,NA,NA,NA,NA,NA,NA,NA,NA,NA,NA,NA,NA,1,57,57,0,0,false,NA
13523,雲鷹改二,うんよう,-1,7,軽空母,5,94,49,43,39,17,39,6,0,0,0,63,57,25,57,55,55,25,55,15,15,15,69,22,0,32,30,0,57,100,69,九七式艦攻改(北東海軍航空隊),3,8,試製南山,7,0,F4F-4,7,4,NA,NA,NA,NA,NA,NA,1,49,49,0,0,false,NA
13596,高雄改,たかお,-1,0,重巡洋艦,10,70,92,79,79,48,79,79,79,24,79,56,56,20,69,76,76,45,76,10,10,10,78,31,55,36,31,0,68,0,38,NA,NA,NA,NA,NA,NA,NA,NA,NA,NA,NA,NA,NA,NA,NA,1,57,57,0,0,false,NA
14326,涼月改,すずつき,-1,0,駆逐艦,10,59,49,38,38,22,56,52,52,22,52,108,108,82,117,40,40,16,55,37,37,37,90,16,30,26,24,0,74,53,32,NA,NA,NA,NA,NA,NA,NA,NA,NA,NA,NA,NA,NA,NA,NA,1,38,38,0,0,false,NA
14375,酒匂改,さかわ,-1,0,軽巡洋艦,10,95,49,67,67,27,67,78,78,23,78,74,74,19,74,69,69,31,69,30,30,30,74,40,55,55,38,0,79,82,57,NA,NA,NA,NA,NA,NA,NA,NA,NA,NA,NA,NA,NA,NA,NA,1,46,46,0,0,false,NA
14385,涼月改,すずつき,-1,0,駆逐艦,10,59,49,40,36,22,56,52,52,22,52,116,98,82,117,50,49,16,55,37,37,37,90,14,30,16,33,0,79,53,36,10cm連装高角砲+高射装置,NA,0,13号対空電探改,NA,6,NA,NA,NA,NA,NA,NA,NA,NA,NA,1,38,38,0,0,false,NA
14436,Samuel B.Roberts Mk.II,サミュエル・B・ロバーツ,-1,0,駆逐艦,10,81,49,63,52,10,52,70,70,24,70,86,68,29,68,50,47,13,47,40,40,40,87,42,46,39,34,0,96,85,57,5inch単装砲 Mk.30改,NA,0,5inch単装砲 Mk.30,NA,0,SG レーダー(初期型),NA,0,NA,NA,NA,NA,NA,NA,1,29,29,0,0,false,NA
14449,梅改,うめ,2,0,駆逐艦,10,70,46,42,42,7,42,70,70,13,70,63,63,26,78,55,55,12,55,16,16,16,66,35,57,37,43,0,68,66,36,大発動艇,NA,0,大発動艇,NA,0,NA,NA,NA,NA,NA,NA,NA,NA,NA,1,27,27,0,0,false,NA
14455,秋月改,あきづき,-1,3,駆逐艦,10,64,61,61,57,24,57,54,54,24,54,112,104,80,116,53,53,16,53,12,12,12,69,33,30,24,37,0,74,57,39,12.7cm連装砲,NA,0,12.7cm連装砲,NA,0,13号対空電探改,NA,0,NA,NA,NA,NA,NA,NA,1,37,37,0,0,false,NA
14463,速吸,はやすい,-1,0,補給艦,5,1,49,8,8,4,22,0,0,0,0,10,10,10,32,7,7,3,15,7,7,7,39,4,0,0,4,0,9,5,15,NA,NA,NA,NA,NA,NA,NA,NA,NA,NA,NA,NA,NA,NA,NA,1,43,43,0,0,false,速吸改
14522,Iowa改,アイオワ,-1,12,戦艦,10,93,49,182,117,90,117,0,0,0,0,132,120,82,120,111,107,89,107,41,41,41,101,27,0,38,18,0,71,4,77,16inch三連装砲 Mk.6 mod.2,NA,8,16inch三連装砲 Mk.6+GFCS,NA,0,一式徹甲弾,NA,2,紫雲(熟練),7,1,三式弾改二,NA,0,1,92,92,0,0,false,NA
14544,山汐丸改,やましおまる,-1,0,補給艦,5,76,56,33,23,4,23,0,0,0,0,37,36,18,38,28,28,8,28,7,7,7,47,19,0,18,20,0,24,76,56,彗星一二型甲,7,0,彗星一二型甲,7,0,熟練艦載機整備員,NA,0,NA,NA,NA,NA,NA,NA,1,39,39,0,0,false,NA
14565,狭霧改,さぎり,1,0,駆逐艦,10,77,92,56,50,11,50,82,82,27,82,53,47,15,49,49,49,13,49,7,7,7,57,39,55,32,36,0,78,57,33,12.7cm連装砲B型改二,NA,0,12.7cm連装砲B型改二,NA,0,九三式水中聴音機,NA,0,NA,NA,NA,NA,NA,NA,1,30,30,0,0,false,NA
14576,葛城改,かつらぎ,-1,11,正規空母,10,79,60,45,45,0,45,0,0,0,0,62,62,32,78,78,78,36,78,30,30,30,79,45,0,30,42,0,67,0,71,NA,NA,NA,NA,NA,NA,NA,NA,NA,NA,NA,NA,NA,NA,NA,1,60,60,0,0,false,NA
14677,冬月改,ふゆつき,-1,0,駆逐艦,10,83,49,57,57,22,57,53,53,22,53,116,116,82,116,49,53,16,53,38,38,38,98,35,31,34,37,0,85,64,42,艦載型 四式20cm対地噴進砲,NA,0,艦載型 四式20cm対地噴進砲,NA,0,NA,NA,NA,NA,NA,NA,NA,NA,NA,1,38,38,0,0,false,NA
14678,Saratoga Mk.II,サラトガ,-1,0,正規空母,15,99,57,68,68,0,68,0,0,0,0,94,94,60,94,85,85,48,85,40,40,40,93,68,0,34,37,0,79,0,93,新型高温高圧缶,NA,0,NA,NA,NA,NA,NA,NA,NA,NA,NA,改良型艦本式タービン,NA,0,1,89,89,0,0,false,Saratoga Mk.II Mod.2
14754,涼月改,すずつき,-1,0,駆逐艦,10,61,54,64,56,22,56,52,52,22,52,132,102,82,117,56,55,16,55,37,37,37,90,34,30,20,39,0,84,54,37,10cm連装高角砲+高射装置,NA,6,13号対空電探改,NA,0,10cm連装高角砲+高射装置,NA,6,NA,NA,NA,NA,NA,NA,1,38,38,0,0,false,NA
14758,Saratoga Mk.II Mod.2,サラトガ,-1,9,装甲空母,10,88,49,58,58,0,58,11,0,0,0,103,94,60,94,89,88,50,88,40,40,40,93,58,0,34,38,0,55,6,95,天山一二型甲改(空六号電探改装備機),6,4,NA,NA,NA,NA,NA,NA,NA,NA,NA,12cm30連装噴進砲改二,NA,0,1,89,89,0,0,false,Saratoga Mk.II
14771,Graf Zeppelin改,グラーフ・ツェッペリン,-1,5,正規空母,10,76,49,52,52,15,52,0,0,0,0,70,70,44,80,81,81,42,81,7,7,7,48,37,0,26,39,0,59,0,68,NA,NA,NA,NA,NA,NA,NA,NA,NA,NA,NA,NA,NA,NA,NA,1,78,78,0,0,false,NA
14775,Atlanta改,アトランタ,-1,6,軽巡洋艦,10,82,49,79,64,18,64,70,70,22,70,164,128,82,128,62,61,27,61,18,18,18,58,46,48,46,34,0,80,28,49,5inch連装両用砲(集中配備),NA,0,5inch連装両用砲(集中配備),NA,0,GFCS Mk.37,NA,0,NA,NA,NA,NA,NA,NA,1,41,41,0,0,false,NA
14885,大和改二,やまと,-1,12,戦艦,10,118,85,218,144,100,144,0,0,0,0,128,108,65,108,127,122,92,122,22,22,18,108,44,0,43,30,4,75,14,87,51cm連装砲,NA,0,51cm連装砲,NA,2,零式水上偵察機11型乙(熟練),7,0,零式水上偵察機11型乙改(夜偵),7,0,15m二重測距儀改+21号電探改二+熟練射撃指揮所,NA,0,1,107,107,0,0,false,大和改二重
15217,朝風改,あさかぜ,-1,0,駆逐艦,10,50,49,25,24,8,42,73,69,14,69,28,27,10,52,30,30,10,37,14,14,14,88,16,55,17,20,0,73,48,28,12cm単装砲,NA,0,53cm連装魚雷,NA,0,九四式爆雷投射機,NA,0,NA,NA,NA,NA,NA,NA,1,23,23,0,0,false,NA
15624,磯波改二,いそなみ,-1,0,駆逐艦,10,87,49,64,58,13,58,84,84,28,84,96,76,29,76,50,50,14,50,15,15,15,79,45,56,47,36,0,86,69,38,10cm連装高角砲+高射装置,NA,0,10cm連装高角砲+高射装置,NA,0,NA,NA,NA,NA,NA,NA,NA,NA,NA,1,30,30,0,0,false,NA
15647,長鯨改,ちょうげい,1,0,潜水母艦,5,77,49,39,39,8,39,0,0,0,0,35,35,13,36,34,34,17,34,20,20,20,97,31,0,22,17,0,37,15,56,試製晴嵐,7,0,晴嵐(六三一空),7,0,試製晴嵐,7,0,NA,NA,NA,NA,NA,NA,1,37,37,0,0,false,NA
15751,玉波改,たまなみ,-1,0,駆逐艦,10,83,94,55,51,12,51,78,78,27,78,70,58,18,58,51,49,14,49,10,10,10,56,39,51,40,35,0,84,59,53,5inch単装砲 Mk.30,NA,0,5inch単装砲 Mk.30,NA,0,33号対水上電探,NA,0,NA,NA,NA,NA,NA,NA,1,32,32,0,0,false,NA
15772,早潮改二,はやしお,-1,13,駆逐艦,10,88,68,67,67,17,67,89,87,30,87,63,63,19,63,53,52,14,52,15,15,15,70,50,57,44,38,0,83,81,38,対潜短魚雷(試作初期型),NA,0,遊撃部隊 艦隊司令部,NA,0,NA,NA,NA,NA,NA,NA,NA,NA,NA,1,33,33,0,0,false,NA
15783,あきつ丸改,あきつまる,-1,0,揚陸艦,5,60,51,33,33,8,33,0,0,0,0,37,37,15,37,43,43,15,43,13,13,13,49,25,0,22,28,0,36,0,40,NA,NA,NA,NA,NA,NA,NA,NA,NA,NA,NA,NA,NA,NA,NA,1,40,40,0,0,false,NA
15819,倉橋,くらはし,-1,0,海防艦,5,30,52,16,16,4,17,0,0,0,0,32,32,9,36,14,14,4,16,18,18,18,78,12,0,23,10,0,52,70,6,三式水中探信儀,NA,0,三式爆雷投射機,NA,0,NA,NA,NA,NA,NA,NA,NA,NA,NA,1,9,9,0,0,false,倉橋改
15822,Intrepid改,イントレピッド,-1,0,正規空母,10,77,49,58,58,0,58,0,0,0,0,86,86,55,95,90,90,52,90,50,50,50,100,58,0,31,38,0,62,0,81,NA,NA,NA,NA,NA,NA,NA,NA,NA,NA,NA,NA,NA,NA,NA,1,69,69,0,0,false,NA
15870,天城改,あまぎ,-1,12,正規空母,10,73,49,45,45,0,45,0,0,0,0,63,63,33,79,76,76,35,76,17,17,17,69,45,0,30,41,0,63,0,71,NA,NA,NA,NA,NA,NA,NA,NA,NA,NA,NA,NA,NA,NA,NA,1,60,60,0,0,false,NA
15928,Maryland改,メリーランド,-1,2,戦艦,5,81,70,137,106,80,106,0,0,0,0,87,85,37,102,99,98,83,98,38,38,38,108,26,0,48,15,0,47,0,44,16inch三連装砲 Mk.6,NA,0,九一式徹甲弾,NA,6,NA,NA,NA,NA,NA,NA,NA,NA,NA,1,91,91,0,0,false,NA
15930,屋代,やしろ,-1,0,海防艦,5,25,64,16,16,4,16,0,0,0,0,26,26,9,37,17,16,4,16,20,20,20,80,12,0,17,12,0,49,67,6,四式水中聴音機,NA,0,九三式水中聴音機,NA,0,NA,NA,NA,NA,NA,NA,NA,NA,NA,1,9,9,0,0,false,屋代改
16033,初雪改二,はつゆき,-1,0,駆逐艦,10,90,49,63,59,17,59,86,86,30,86,89,85,37,85,50,50,15,50,18,18,18,78,42,56,48,35,0,87,60,48,12.7cm連装砲,NA,0,12.7cm連装砲,NA,0,NA,NA,NA,NA,NA,NA,NA,NA,NA,1,31,31,0,0,false,NA
16075,深雪改二,みゆき,-1,0,駆逐艦,10,91,49,76,60,14,60,82,82,30,82,84,82,33,82,54,52,14,52,15,15,15,74,46,52,49,38,0,86,61,47,12.7cm連装砲A型改二,NA,7,12.7cm連装砲A型改二,NA,3,NA,NA,NA,NA,NA,NA,NA,NA,NA,1,31,31,0,0,false,NA
16157,名取改,なとり,-1,0,軽巡洋艦,10,72,100,87,69,20,69,89,89,24,89,61,54,15,59,59,59,29,59,12,12,12,59,49,65,39,30,0,68,66,43,20.3cm(2号)連装砲,NA,0,零式水上偵察機,7,0,20.3cm(2号)連装砲,NA,0,NA,NA,NA,NA,NA,NA,1,43,43,0,0,false,NA
16271,叢雲改二,むらくも,-1,0,駆逐艦,10,80,49,61,57,14,57,89,89,32,89,78,64,27,74,51,51,14,51,16,16,16,60,43,57,37,37,0,85,63,39,12.7cm連装高角砲(後期型),NA,0,12.7cm連装高角砲(後期型),NA,0,13号対空電探改,NA,0,NA,NA,NA,NA,NA,NA,1,31,31,0,0,false,NA
17154,Helena改,ヘレナ,-1,1,軽巡洋艦,10,72,49,78,78,36,78,38,38,0,38,77,77,40,86,69,69,27,69,13,13,13,69,42,38,37,42,0,65,29,62,NA,NA,NA,NA,NA,NA,NA,NA,NA,NA,NA,NA,NA,NA,NA,1,53,53,0,0,false,NA
17181,菊月改,きくづき,-1,0,駆逐艦,10,20,49,22,22,9,39,54,54,18,69,23,23,12,39,37,37,11,39,12,12,12,59,13,36,11,26,0,49,26,12,NA,NA,NA,NA,NA,NA,NA,NA,NA,NA,NA,NA,NA,NA,NA,1,24,24,0,0,false,NA
17223,秋霜改,あきしも,-1,0,駆逐艦,10,71,49,50,50,11,50,80,80,28,80,44,44,15,50,49,49,14,49,12,12,12,59,39,52,29,35,0,78,56,33,NA,NA,NA,NA,NA,NA,NA,NA,NA,NA,NA,NA,NA,NA,NA,1,32,32,0,0,false,NA
17282,Langley改,ラングレー,-1,0,軽空母,10,78,49,40,40,18,40,0,0,0,0,55,55,34,58,60,60,22,60,35,35,35,97,22,0,21,38,0,51,49,73,NA,NA,NA,NA,NA,NA,NA,NA,NA,NA,NA,NA,NA,NA,NA,1,44,44,0,0,false,NA
17467,Ranger改,レンジャー,-1,0,正規空母,10,78,85,47,47,0,47,0,0,0,0,72,72,30,82,58,58,18,58,32,32,32,92,47,0,42,40,0,59,0,73,NA,NA,NA,NA,NA,NA,NA,NA,NA,NA,NA,NA,NA,NA,NA,1,64,64,0,0,false,NA
17485,Hornet改,ホーネット,-1,8,正規空母,10,79,49,55,55,0,55,0,0,0,0,79,79,42,86,84,84,45,84,30,30,30,80,55,0,37,39,0,65,0,81,NA,NA,NA,NA,NA,NA,NA,NA,NA,NA,NA,NA,NA,NA,NA,1,81,81,0,0,false,NA
17520,Jean Bart改,ジャン・バール,-1,8,戦艦,10,84,49,147,99,70,99,0,0,0,0,82,78,24,78,99,97,77,97,22,22,22,94,29,0,54,20,0,68,0,47,38cm四連装砲改,NA,0,38cm四連装砲改,NA,0,NA,NA,NA,NA,NA,NA,NA,NA,NA,1,88,88,0,0,false,NA
17727,望月改,もちづき,-1,0,駆逐艦,10,20,49,19,19,9,39,34,34,18,69,15,15,12,39,16,16,11,39,12,12,12,59,10,16,3,5,0,49,26,12,NA,NA,NA,NA,NA,NA,NA,NA,NA,NA,NA,NA,NA,NA,NA,1,24,24,0,0,false,NA
17893,伊勢改,いせ,-1,0,航空戦艦,5,11,49,66,66,63,86,0,0,0,0,48,48,45,92,76,76,74,92,30,30,30,79,3,0,3,2,0,40,0,28,NA,NA,NA,NA,NA,NA,NA,NA,NA,NA,NA,NA,NA,NA,NA,1,77,77,0,0,false,伊勢改二
17894,日向改,ひゅうが,-1,0,航空戦艦,5,10,49,64,64,63,86,0,0,0,0,49,49,45,92,82,82,74,92,30,30,30,79,1,0,4,8,0,40,0,27,NA,NA,NA,NA,NA,NA,NA,NA,NA,NA,NA,NA,NA,NA,NA,1,77,77,0,0,false,日向改二
18017,まるゆ,まるゆ,-1,0,潜水艦,5,20,52,3,3,1,3,9,9,0,9,0,0,0,0,9,9,2,9,7,7,7,77,2,9,0,7,0,11,0,2,NA,NA,NA,NA,NA,NA,NA,NA,NA,NA,NA,NA,NA,NA,NA,1,6,6,0,0,false,まるゆ改
18287,霞改二,かすみ,-1,0,駆逐艦,10,93,53,75,65,16,65,92,92,33,92,76,72,24,72,54,52,14,52,37,37,37,97,49,59,48,38,0,87,65,52,12.7cm連装砲C型改二,NA,4,12.7cm連装砲C型改二,NA,7,特大発動艇+一式砲戦車,NA,0,NA,NA,NA,NA,NA,NA,1,31,31,0,0,false,霞改二乙
18819,霞改二,かすみ,-1,1,駆逐艦,10,92,49,65,65,16,65,92,92,33,92,72,72,24,72,52,52,14,52,37,37,37,97,49,59,48,38,0,87,65,52,NA,NA,NA,NA,NA,NA,NA,NA,NA,NA,NA,NA,NA,NA,NA,1,31,31,0,0,false,霞改二乙
19007,武蔵改二,むさし,-1,0,戦艦,5,98,53,188,145,100,145,0,0,0,0,118,105,65,105,128,125,95,125,10,10,10,88,45,0,40,30,0,59,4,89,試製51cm三連装砲,NA,0,33号対水上電探,NA,0,22号対水上電探改四,NA,2,22号対水上電探改四,NA,2,15m二重測距儀改+21号電探改二+熟練射撃指揮所,NA,0,1,99,99,0,0,false,NA
19028,旗風改,はたかぜ,-1,0,駆逐艦,10,50,49,15,14,7,40,38,38,14,68,28,27,10,51,17,17,10,37,18,18,18,86,7,24,17,7,0,70,56,27,12cm単装砲,NA,0,九三式水中聴音機,NA,0,九四式爆雷投射機,NA,0,NA,NA,NA,NA,NA,NA,1,23,23,0,0,false,NA
19463,夕暮改,ゆうぐれ,-1,0,駆逐艦,10,71,49,51,47,7,47,79,79,20,79,57,48,12,59,48,48,12,49,12,12,12,58,40,59,36,36,0,77,46,30,12.7cm連装砲,NA,0,12.7cm連装砲,NA,0,25mm連装機銃,NA,0,NA,NA,NA,NA,NA,NA,1,30,30,0,0,false,NA
19514,まるゆ,まるゆ,-1,0,潜水艦,5,21,60,3,3,1,3,9,9,0,9,0,0,0,0,9,9,2,9,7,7,7,77,2,9,0,7,0,11,0,2,NA,NA,NA,NA,NA,NA,NA,NA,NA,NA,NA,NA,NA,NA,NA,1,6,6,0,0,false,まるゆ改
19552,天津風改,あまつかぜ,-1,0,駆逐艦,10,78,64,53,49,12,49,84,84,32,84,65,61,23,63,61,61,14,61,17,17,17,69,37,52,38,47,0,84,52,32,12.7cm連装砲,NA,0,12.7cm連装砲,NA,0,NA,NA,NA,NA,NA,NA,NA,NA,NA,1,34,34,0,0,false,天津風改二
19563,熊野丸改,くまのまる,-1,0,揚陸艦,5,76,59,39,37,12,37,0,0,0,0,57,37,17,41,46,46,14,46,22,22,22,72,25,0,20,32,0,44,63,49,零戦52型丙(八幡部隊),7,0,零戦52型丙(八幡部隊),7,2,NA,NA,NA,NA,NA,NA,NA,NA,NA,1,40,40,0,0,false,NA
19569,御蔵,みくら,-1,0,海防艦,5,27,61,17,17,4,17,0,0,0,0,21,21,9,36,16,16,4,16,12,12,12,59,13,0,12,12,0,50,66,6,三式水中探信儀,NA,0,九三式水中聴音機,NA,5,NA,NA,NA,NA,NA,NA,NA,NA,NA,1,9,9,0,0,false,御蔵改
19585,第四号海防艦,だいよんごう,-1,0,海防艦,5,10,49,8,8,3,15,0,0,0,0,7,7,5,19,7,7,4,15,18,18,18,76,5,0,2,3,0,43,41,2,三式爆雷投射機,NA,0,NA,NA,NA,NA,NA,NA,NA,NA,NA,NA,NA,NA,1,8,8,0,0,false,第四号海防艦改
19590,能美,のうみ,-1,0,海防艦,5,31,85,16,16,4,16,0,0,0,0,29,29,9,36,16,16,4,16,13,13,13,67,12,0,20,12,0,53,69,6,三式水中探信儀,NA,2,三式爆雷投射機,NA,4,NA,NA,NA,NA,NA,NA,NA,NA,NA,1,9,9,0,0,false,能美改
19620,竹改,たけ,-1,8,駆逐艦,10,82,49,42,42,7,42,98,98,30,98,71,71,28,71,54,54,12,54,38,38,38,108,35,68,43,42,0,75,71,38,NA,NA,NA,NA,NA,NA,NA,NA,NA,NA,NA,NA,NA,NA,NA,1,26,26,0,0,false,NA
19630,Tuscaloosa改,タスカルーサ,-1,0,重巡洋艦,10,71,70,100,77,45,77,62,62,0,62,72,66,32,79,75,75,41,75,20,20,20,90,32,62,34,34,0,65,1,55,8inch三連装砲 Mk.9,NA,0,8inch三連装砲 Mk.9,NA,0,SOC Seagull,5,0,13号対空電探改,NA,0,NA,NA,NA,1,53,53,0,0,false,NA
19668,Langley改,ラングレー,-1,3,軽空母,10,75,49,52,40,18,40,7,0,0,0,80,55,34,58,60,60,22,60,35,35,35,97,22,0,21,38,0,57,58,87,Ju87 D-4(Fliegerass),7,0,F4U-4,7,6,FR-1 Fireball,7,1,彩雲(偵四),7,0,NA,NA,NA,1,44,44,0,0,false,NA
19680,第百一号輸送艦改,だいひゃくいちごう,-1,2,揚陸艦,5,75,49,18,18,3,18,0,0,0,0,27,27,10,32,39,39,9,39,10,10,10,63,15,0,17,30,0,59,0,10,九七式中戦車 新砲塔(チハ改),NA,0,特二式内火艇,NA,10,特二式内火艇,NA,10,NA,NA,NA,NA,NA,NA,1,19,19,0,0,false,NA
19681,Atlanta改,アトランタ,-1,0,軽巡洋艦,10,92,49,76,64,18,64,70,70,22,70,165,128,82,128,61,61,27,61,18,18,18,58,46,48,46,34,0,86,30,58,5inch連装両用砲(集中配備),NA,0,5inch連装両用砲(集中配備),NA,0,SK レーダー,NA,5,NA,NA,NA,NA,NA,NA,1,41,41,0,0,false,NA
19685,伊201改,い201,-1,0,潜水艦,5,76,56,5,4,1,4,82,68,22,68,6,5,0,5,18,18,4,18,24,24,24,87,3,46,5,14,0,81,0,43,潜水艦搭載電探&水防式望遠鏡,NA,0,試製FaT仕様九五式酸素魚雷改,NA,0,NA,NA,NA,NA,NA,NA,NA,NA,NA,1,13,13,0,0,false,NA
19739,天津風改二,あまつかぜ,-1,1,駆逐艦,10,80,85,65,65,16,65,89,89,30,89,60,60,26,72,63,63,15,63,19,19,19,91,49,59,34,48,0,91,70,37,Type124 ASDIC,NA,0,NA,NA,NA,NA,NA,NA,NA,NA,NA,NA,NA,NA,1,35,35,0,0,false,NA
19928,鈴谷航改二,すずや,-1,9,軽空母,10,92,69,59,59,0,59,0,0,0,0,96,87,33,87,75,74,42,74,13,13,13,76,59,0,54,32,0,83,5,86,彗星(江草隊),7,6,NA,NA,NA,NA,NA,NA,NA,NA,NA,12cm30連装噴進砲改二,NA,0,1,61,61,0,0,false,鈴谷改二
20011,熊野航改二,くまの,-1,9,軽空母,10,90,49,58,58,0,58,14,0,0,0,94,86,33,86,75,75,42,75,12,12,12,75,58,0,53,33,0,80,9,85,天山一二型(友永隊),7,10,零戦62型(爆戦/岩井隊),7,10,NA,NA,NA,NA,NA,NA,NA,NA,NA,1,62,62,0,0,false,熊野改二
20250,Johnston改,ジョンストン,-1,13,駆逐艦,10,90,49,58,55,15,55,72,72,26,72,98,90,40,90,53,52,16,52,40,40,40,82,40,46,50,36,0,88,86,62,GFCS Mk.37,NA,0,NA,NA,NA,NA,NA,NA,NA,NA,NA,NA,NA,NA,1,34,34,0,0,false,NA
20309,子日改,ねのひ,-1,0,駆逐艦,10,20,49,32,32,12,49,49,49,28,79,22,22,15,49,33,33,13,49,12,12,12,59,20,21,7,20,0,53,31,13,NA,NA,NA,NA,NA,NA,NA,NA,NA,NA,NA,NA,NA,NA,NA,1,30,30,0,0,false,NA
20487,雲龍改,うんりゅう,-1,2,正規空母,10,74,49,48,48,0,48,0,0,0,0,66,66,32,78,77,77,35,77,12,12,12,59,48,0,34,42,0,62,0,73,NA,NA,NA,NA,NA,NA,NA,NA,NA,NA,NA,NA,NA,NA,NA,1,60,60,0,0,false,NA
20853,天津風改二,あまつかぜ,-1,0,駆逐艦,10,74,49,69,65,16,65,89,89,30,89,52,42,26,72,63,63,15,63,19,19,19,91,49,59,16,48,0,90,59,35,12.7cm連装高角砲(後期型),NA,0,12.7cm連装高角砲(後期型),NA,0,NA,NA,NA,NA,NA,NA,NA,NA,NA,1,35,35,0,0,false,NA
20855,Salmon改,サーモン,-1,0,潜水艦,5,70,97,13,13,2,13,80,75,34,75,0,0,0,0,22,22,5,22,17,17,17,96,11,41,0,17,0,52,0,42,SJレーダー+潜水艦司令塔装備,NA,0,NA,NA,NA,NA,NA,NA,NA,NA,NA,NA,NA,NA,1,15,15,0,0,false,NA
20863,稲木改二,いなぎ,-1,0,海防艦,5,80,82,43,43,9,43,0,0,0,0,48,48,27,77,47,47,9,47,17,17,17,87,34,0,21,38,0,84,104,34,三式水中探信儀,NA,0,三式爆雷投射機,NA,0,二式爆雷,NA,0,NA,NA,NA,NA,NA,NA,1,27,27,0,0,false,NA
20909,白雲,しらくも,-1,0,駆逐艦,10,37,58,28,28,10,30,63,63,27,70,38,38,10,38,19,19,5,19,8,8,8,53,18,36,28,14,0,53,37,8,三式爆雷投射機,NA,0,NA,NA,NA,NA,NA,NA,NA,NA,NA,NA,NA,NA,1,15,15,0,0,false,白雲改
20937,Brooklyn改,ブルックリン,-1,11,軽巡洋艦,10,71,59,102,77,33,77,39,39,0,39,70,65,36,80,67,67,26,67,37,37,37,97,44,39,29,41,0,75,35,81,8inch三連装砲 Mk.9,NA,4,8inch三連装砲 Mk.9,NA,0,SG レーダー(初期型),NA,0,紫雲,7,0,NA,NA,NA,1,53,53,0,0,false,NA
20961,Atlanta改,アトランタ,-1,12,軽巡洋艦,10,83,49,79,64,18,64,70,70,22,70,164,128,82,128,62,61,27,61,18,18,18,58,46,48,46,34,0,80,28,49,5inch連装両用砲(集中配備),NA,0,5inch連装両用砲(集中配備),NA,0,GFCS Mk.37,NA,0,NA,NA,NA,NA,NA,NA,1,41,41,0,0,false,NA
20967,伊503,コマンダンテ・カッペリーニ,-1,0,潜水艦,5,70,70,18,18,4,18,96,70,32,70,17,17,0,29,22,22,5,22,43,43,43,93,14,38,17,17,0,57,0,26,21inch艦首魚雷発射管6門(後期型),NA,3,甲標的 甲型,NA,0,NA,NA,NA,NA,NA,NA,NA,NA,NA,1,13,13,0,0,false,NA
20968,Nevada改 Mod.2,ネヴァダ,-1,0,戦艦,5,80,90,157,103,82,103,0,0,0,0,86,84,50,96,99,96,80,96,45,45,45,118,21,0,34,16,0,63,4,50,14inch/45 三連装砲,NA,6,14inch/45 三連装砲,NA,3,零式水上観測機,7,0,九一式徹甲弾,NA,0,NA,NA,NA,1,66,90,24,25470,false,NA
21005,Roma改,ローマ,-1,1,戦艦,10,81,64,105,105,82,105,0,0,0,0,87,87,46,94,90,90,76,90,8,8,8,57,23,0,41,14,0,63,0,45,NA,NA,NA,NA,NA,NA,NA,NA,NA,NA,NA,NA,NA,NA,NA,1,92,92,0,0,false,NA
21015,Grecale改,グレカーレ,-1,1,駆逐艦,10,76,49,55,55,12,55,68,68,18,68,76,76,36,80,51,51,15,51,40,40,40,122,43,50,40,36,0,77,69,37,NA,NA,NA,NA,NA,NA,NA,NA,NA,NA,NA,NA,NA,NA,NA,1,29,29,0,0,false,NA
21080,矢矧改二乙,やはぎ,-1,12,軽巡洋艦,10,98,85,85,81,30,81,134,88,24,88,88,88,36,88,76,74,32,74,18,18,17,89,51,64,52,42,1,83,80,63,61cm四連装(酸素)魚雷後期型,NA,6,61cm四連装(酸素)魚雷後期型,NA,6,甲標的 丁型改(蛟龍改),NA,0,探照灯,NA,0,NA,NA,NA,1,53,53,0,0,false,矢矧改二
21085,Rodney改,ロドニー,-1,5,戦艦,5,84,49,136,114,81,114,0,0,0,0,96,94,30,94,106,105,83,105,27,27,27,97,33,0,64,22,0,53,0,42,16inch三連装砲 Mk.6,NA,0,NA,NA,NA,NA,NA,NA,NA,NA,NA,NA,NA,NA,1,92,92,0,0,false,NA
21086,Italia,リットリオ・イタリア,-1,0,戦艦,10,80,97,151,102,81,102,0,0,0,0,94,87,44,90,92,92,77,92,30,30,30,79,21,0,43,15,0,67,1,51,381mm/50 三連装砲改,NA,0,381mm/50 三連装砲,NA,0,九一式徹甲弾,NA,0,OS2U,NA,0,NA,NA,NA,1,92,92,0,0,false,NA
21092,Gotland改,ゴトランド,-1,0,軽巡洋艦,10,88,49,62,62,17,62,69,69,17,70,105,97,66,102,63,63,18,63,24,24,24,98,45,52,31,45,0,74,59,60,SK レーダー,NA,0,NA,NA,NA,NA,NA,NA,NA,NA,NA,NA,NA,NA,1,43,43,0,0,false,Gotland andra
21093,Javelin改,ジャヴェリン,-1,5,駆逐艦,10,86,58,54,54,14,54,118,91,40,91,72,71,30,71,49,50,15,50,39,39,39,91,40,51,41,35,0,85,107,49,61cm五連装(酸素)魚雷,NA,2,61cm五連装(酸素)魚雷,NA,0,Hedgehog(初期型),NA,2,NA,NA,NA,水雷戦隊 熟練見張員,NA,0,1,31,31,0,0,false,NA
21133,瑞鳳改二乙,ずいほう,-1,8,軽空母,10,83,49,48,48,0,48,0,0,0,0,88,88,33,88,72,72,37,72,42,42,42,93,48,0,55,35,0,61,45,71,NA,NA,NA,NA,NA,NA,NA,NA,NA,NA,NA,NA,NA,NA,NA,1,59,59,0,0,false,瑞鳳改二
21136,陸奥改二,むつ,-1,3,戦艦,5,93,62,162,118,91,118,0,0,0,0,109,102,38,102,110,109,86,109,16,16,16,89,27,0,64,23,0,68,0,54,試製41cm三連装砲,NA,0,16inch三連装砲 Mk.6,NA,0,NA,NA,NA,NA,NA,NA,NA,NA,NA,1,91,91,0,0,false,NA
21259,最上改二特,もがみ,-1,0,航空巡洋艦,10,93,49,105,81,40,81,102,90,39,90,93,86,30,86,78,78,41,78,28,28,18,80,41,51,56,37,10,78,2,81,20.3cm(2号)連装砲,NA,0,20.3cm(2号)連装砲,NA,0,零式水上偵察機,4,0,甲標的 甲型,NA,0,NA,NA,NA,1,61,61,0,0,false,最上改二
21449,雪風改二,ゆきかぜ,-1,9,駆逐艦,10,90,52,66,66,17,66,90,90,32,90,85,85,32,85,60,60,16,60,63,63,63,120,49,58,53,44,0,96,69,44,NA,NA,NA,NA,NA,NA,NA,NA,NA,NA,NA,NA,NA,NA,NA,1,35,35,0,0,false,NA
21768,長門改二,ながと,-1,3,戦艦,5,94,85,148,118,91,118,0,0,0,0,105,100,40,100,110,110,88,110,40,40,40,108,27,0,60,22,0,67,0,53,試製41cm三連装砲,NA,0,九一式徹甲弾,NA,0,NA,NA,NA,NA,NA,NA,NA,NA,NA,1,91,91,0,0,false,NA
21841,赤城改二戊,あかぎ,-1,13,正規空母,10,93,49,67,67,0,67,0,0,0,0,84,84,40,84,81,81,42,81,20,20,20,77,67,0,44,39,0,72,0,87,寒冷地装備&甲板要員,NA,0,NA,NA,NA,NA,NA,NA,NA,NA,NA,NA,NA,NA,1,81,81,0,0,false,赤城改二
22345,龍鳳改二戊,たいげい・りゅうほう,-1,12,軽空母,5,85,49,52,45,0,45,14,0,0,0,103,72,30,72,73,73,36,73,42,42,42,98,45,0,42,37,0,89,64,79,零式艦戦62型改(夜間爆戦),7,0,天山一二型甲改(空六号電探改装備機),7,0,試製 陣風,7,1,F6F-5N,7,2,NA,NA,NA,1,61,61,0,0,false,龍鳳改二
22761,伊36改,い36,1,0,潜水空母,5,70,62,14,13,3,13,88,88,38,88,1,0,0,0,20,20,4,20,48,48,48,96,10,50,0,16,0,49,0,31,潜水艦搭載電探&逆探(E27),NA,0,NA,NA,NA,NA,NA,NA,NA,NA,NA,NA,NA,NA,1,18,18,0,0,false,NA
22882,Drum改,ドラム,-1,0,潜水艦,5,70,96,12,12,2,12,112,84,38,84,0,0,0,0,24,24,6,24,37,37,37,107,10,46,0,18,0,49,0,33,21inch艦首魚雷発射管6門(後期型),NA,2,甲標的 甲型,NA,0,NA,NA,NA,NA,NA,NA,NA,NA,NA,1,17,17,0,0,false,NA
22963,まるゆ,まるゆ,-1,0,潜水艦,5,21,57,3,3,1,3,9,9,0,9,0,0,0,0,9,9,2,9,7,7,7,77,2,9,0,7,0,11,0,2,NA,NA,NA,NA,NA,NA,NA,NA,NA,NA,NA,NA,NA,NA,NA,1,6,6,0,0,false,まるゆ改
22990,伊41改,い41,1,0,潜水空母,5,70,49,14,14,3,14,111,89,38,89,0,0,0,0,21,21,4,21,22,22,22,81,11,51,0,17,0,38,0,26,21inch艦首魚雷発射管6門(初期型),NA,4,甲標的 甲型,NA,0,NA,NA,NA,NA,NA,NA,NA,NA,NA,1,18,18,0,0,false,NA
23014,Heywood L.E.改,ヘイウッド,-1,2,駆逐艦,10,73,49,63,53,15,53,73,73,26,73,80,62,40,90,56,52,16,52,38,38,38,100,38,47,22,36,0,83,80,50,5inch単装砲 Mk.30改,NA,0,5inch単装砲 Mk.30改,NA,0,NA,NA,NA,NA,NA,NA,NA,NA,NA,1,34,34,0,0,false,NA
23021,大鳳改,たいほう,-1,0,装甲空母,10,74,49,59,59,0,59,0,0,0,0,79,79,45,86,84,84,44,84,4,4,4,39,59,0,34,40,0,52,0,70,NA,NA,NA,NA,NA,NA,NA,NA,NA,NA,NA,NA,NA,NA,NA,1,70,70,0,0,false,NA
23033,まるゆ,まるゆ,-1,0,潜水艦,5,20,67,3,3,1,3,9,9,0,9,0,0,0,0,9,9,2,9,7,7,7,77,2,9,0,7,0,11,0,2,NA,NA,NA,NA,NA,NA,NA,NA,NA,NA,NA,NA,NA,NA,NA,1,6,6,0,0,false,まるゆ改
23051,Massachusetts改,マサチューセッツ,-1,0,戦艦,10,80,97,166,108,84,108,0,0,0,0,113,108,60,108,113,109,86,109,45,45,45,125,24,0,48,23,0,60,2,56,16inch三連装砲 Mk.6,NA,0,16inch三連装砲 Mk.6 mod.2,NA,0,九一式徹甲弾,NA,0,零式水上偵察機,7,0,NA,NA,NA,1,91,91,0,0,false,NA
24078,Bismarck drei,ビスマルク,-1,3,戦艦,10,81,49,148,99,74,99,36,36,16,36,71,66,35,70,95,95,82,95,22,22,22,84,25,20,31,13,0,68,5,59,38cm連装砲改,NA,0,38cm連装砲改,NA,0,一式徹甲弾改,NA,0,Ar196改,7,0,NA,NA,NA,1,96,96,0,0,false,NA
24091,Mogador改,モガドール,-1,6,駆逐艦,10,75,49,84,72,40,72,64,64,17,64,70,65,34,73,57,57,29,57,11,11,11,71,32,47,31,28,0,86,66,42,13.8cm連装砲,NA,2,13.8cm連装砲,NA,0,熟練見張員,NA,0,三式水中探信儀,NA,0,NA,NA,NA,1,38,38,0,0,false,NA
24123,島風,しまかぜ,-1,0,駆逐艦,10,1,49,17,17,12,29,64,64,45,89,14,14,14,49,12,12,8,29,10,10,10,49,5,19,0,4,0,50,24,7,NA,NA,NA,NA,NA,NA,NA,NA,NA,NA,NA,NA,NA,NA,NA,1,19,19,0,0,false,島風改
24129,Ark Royal改,アークロイヤル,-1,5,正規空母,10,79,85,55,51,0,51,14,0,0,0,114,75,36,82,70,70,28,70,13,13,13,68,51,0,39,42,0,65,11,84,AU-1,7,0,Mosquito TR Mk.33,7,0,F6F-5,7,10,震電改,7,0,NA,NA,NA,1,71,71,0,0,false,NA
24169,沖波改二,おきなみ,-1,0,駆逐艦,10,80,49,81,65,18,65,93,87,30,87,62,54,18,73,56,54,15,54,22,22,22,88,47,57,36,39,0,91,72,44,12.7cm連装砲D型改二,NA,0,12.7cm連装砲D型改二,NA,0,22号対水上電探改四(後期調整型),NA,2,NA,NA,NA,NA,NA,NA,1,33,33,0,0,false,NA
24224,三隈改二特,みくま,-1,0,水上機母艦,10,89,49,65,65,31,78,63,63,46,92,74,74,35,88,54,54,41,75,12,12,12,77,34,17,39,13,0,70,0,83,NA,NA,NA,NA,NA,NA,NA,NA,NA,NA,NA,NA,NA,NA,NA,1,59,59,0,0,false,三隈改二
24227,Prinz Eugen改,プリンツ・オイゲン,-1,3,重巡洋艦,10,83,64,101,75,48,75,84,84,40,84,63,54,18,60,84,82,48,82,40,40,40,89,27,44,36,34,0,69,10,56,試製20.3cm(4号)連装砲,NA,6,試製20.3cm(4号)連装砲,NA,6,Ar196改,7,0,Loire 130M改(熟練),7,1,NA,NA,NA,1,63,63,0,0,false,NA
24234,最上改二,もがみ,-1,0,航空巡洋艦,10,92,91,97,67,30,76,62,62,38,88,70,61,30,86,69,69,41,77,18,18,18,80,37,24,31,28,0,82,1,87,20.3cm(3号)連装砲,NA,6,20.3cm(3号)連装砲,NA,6,OS2U,7,0,NA,NA,NA,NA,NA,NA,1,60,60,0,0,false,最上改二特
24249,Ark Royal改,アークロイヤル,-1,3,正規空母,10,78,70,51,51,0,51,0,0,0,0,80,80,36,82,70,70,28,70,13,13,13,68,51,0,44,42,0,60,0,75,NA,NA,NA,NA,NA,NA,NA,NA,NA,NA,NA,NA,NA,NA,NA,1,71,71,0,0,false,NA
24250,Richelieu改,リシュリュー,-1,0,戦艦,10,87,94,146,98,72,98,0,0,0,0,83,79,28,79,99,97,78,97,24,24,24,95,26,0,51,19,0,69,0,49,38cm四連装砲改,NA,0,38cm四連装砲改,NA,0,NA,NA,NA,NA,NA,NA,NA,NA,NA,1,89,89,0,0,false,Richelieu Deux
24252,三隈,みくま,-1,0,重巡洋艦,10,40,59,73,57,40,59,56,56,18,69,52,45,18,59,58,58,30,59,5,5,5,49,17,38,27,28,0,43,2,29,20.3cm連装砲,NA,0,20.3cm連装砲,NA,0,零式水上偵察機,NA,0,NA,NA,NA,NA,NA,NA,1,40,40,0,0,false,三隈改
24262,Gloire改,グロワール,-1,3,軽巡洋艦,10,75,54,98,75,30,75,60,60,12,60,80,74,38,76,66,66,24,66,35,35,35,97,45,48,36,42,0,83,42,71,15.2cm三連装主砲,NA,0,15.2cm三連装主砲改,NA,2,Ar196改,7,0,Loire 130M,7,0,NA,NA,NA,1,46,46,0,0,false,NA
24419,夏雲改,なつぐも,-1,0,駆逐艦,10,50,49,56,52,12,52,78,78,28,78,56,52,13,52,49,49,14,49,8,8,8,53,40,50,39,35,0,64,40,21,12.7cm連装砲,NA,0,12.7cm連装砲,NA,0,NA,NA,NA,NA,NA,NA,NA,NA,NA,1,31,31,0,0,false,NA
24422,Lexington改,レキシントン,-1,8,正規空母,10,74,49,55,55,30,55,0,0,0,0,79,79,50,84,80,80,50,80,17,17,17,74,25,0,29,30,0,43,0,71,NA,NA,NA,NA,NA,NA,NA,NA,NA,NA,NA,NA,NA,NA,NA,1,89,89,0,0,false,NA
24460,能代改,のしろ,-1,0,軽巡洋艦,10,86,94,80,70,28,70,76,76,24,79,72,66,20,72,69,69,31,69,10,10,10,64,42,52,46,38,0,75,74,58,15.2cm連装砲,NA,0,22号対水上電探,NA,0,15.2cm連装砲,NA,0,NA,NA,NA,NA,NA,NA,1,45,45,0,0,false,能代改二
25298,夕張改二特,ゆうばり,-1,0,軽巡洋艦,5,86,49,56,56,14,56,88,88,0,88,78,78,48,78,66,66,36,66,30,30,30,88,42,88,30,30,0,75,64,44,NA,NA,NA,NA,NA,NA,NA,NA,NA,NA,NA,NA,NA,NA,NA,1,41,41,0,0,false,夕張改二丁
25319,初月改二,はつづき,-1,3,駆逐艦,10,92,49,80,70,28,70,75,75,26,82,144,118,81,118,65,57,19,57,18,18,18,85,42,49,37,38,0,104,71,51,10cm連装高角砲改+高射装置改,NA,0,10cm連装高角砲改+高射装置改,NA,0,発煙装置改(煙幕),NA,0,発煙装置改(煙幕),NA,0,NA,NA,NA,1,39,39,0,0,false,NA
25337,木曾改二,きそ,-1,5,重雷装巡洋艦,10,73,85,83,65,18,65,123,111,80,111,61,55,24,72,65,65,24,65,13,13,13,69,47,31,31,41,0,74,68,39,甲標的 甲型,NA,0,20.3cm(2号)連装砲,NA,0,20.3cm(2号)連装砲,NA,0,NA,NA,NA,NA,NA,NA,1,44,44,0,0,false,NA
25342,竹,たけ,-1,0,駆逐艦,10,1,49,26,25,5,25,32,32,19,79,24,20,19,58,22,22,5,22,28,28,28,88,20,13,1,17,0,35,30,9,12.7cm単装高角砲(後期型),NA,0,NA,NA,NA,NA,NA,NA,NA,NA,NA,NA,NA,NA,1,14,14,0,0,false,竹改
25369,Wahoo改,ワフー,-1,0,潜水艦,5,51,52,14,14,4,14,110,85,38,85,0,0,0,0,24,24,6,24,18,18,18,78,10,47,0,18,0,45,0,30,21inch艦首魚雷発射管4門(後期型),NA,0,甲標的 甲型,NA,0,NA,NA,NA,NA,NA,NA,NA,NA,NA,1,17,17,0,0,false,NA
25450,榧改,かや,-1,10,駆逐艦,10,72,49,41,41,7,41,74,74,16,74,62,62,28,79,55,55,12,55,21,21,21,82,34,58,34,43,0,70,65,38,NA,NA,NA,NA,NA,NA,NA,NA,NA,NA,NA,NA,NA,NA,NA,1,27,27,0,0,false,NA
25521,Киров改,キーロフ,-1,5,軽巡洋艦,10,80,85,99,76,40,76,73,73,22,73,79,75,40,82,73,71,43,71,32,32,32,96,36,51,35,28,0,70,47,39,18cm/57 三連装主砲,NA,2,18cm/57 三連装主砲,NA,5,NA,NA,NA,NA,NA,NA,NA,NA,NA,1,46,46,0,0,false,NA
25567,涼風改,すずかぜ,-1,0,駆逐艦,10,20,49,18,18,12,49,42,42,28,79,21,21,15,49,21,21,14,49,12,12,12,59,6,14,6,7,0,53,31,13,NA,NA,NA,NA,NA,NA,NA,NA,NA,NA,NA,NA,NA,NA,NA,1,30,30,0,0,false,NA
25632,しまね丸改,しまねまる,-1,0,補給艦,5,69,49,42,40,14,40,0,0,0,0,61,51,26,52,32,32,9,32,18,18,18,70,26,0,25,23,0,37,55,52,Fw190T改,7,0,NA,NA,NA,NA,NA,NA,NA,NA,NA,NA,NA,NA,1,41,41,0,0,false,NA
25642,鵜来,うくる,-1,0,海防艦,5,32,58,18,18,4,18,0,0,0,0,35,35,9,37,16,16,4,16,35,35,35,79,14,0,26,12,0,52,73,6,三式水中探信儀,NA,0,三式爆雷投射機,NA,0,NA,NA,NA,NA,NA,NA,NA,NA,NA,1,9,9,0,0,false,鵜来改
25651,杉改,すぎ,3,10,駆逐艦,10,76,49,43,43,7,43,85,73,16,73,69,69,28,80,56,56,12,56,21,21,21,83,36,57,41,44,0,70,66,39,61cm五連装(酸素)魚雷,NA,0,NA,NA,NA,NA,NA,NA,NA,NA,NA,NA,NA,NA,1,27,27,0,0,false,NA
25652,Minneapolis改,ミネアポリス,-1,12,重巡洋艦,10,60,49,98,78,45,78,63,63,0,63,74,61,32,79,77,76,42,76,18,18,18,92,33,63,29,34,0,64,2,60,8inch三連装砲 Mk.9,NA,0,6inch三連装速射砲 Mk.16 mod.2,NA,0,紫雲,7,6,SK レーダー,NA,2,NA,NA,NA,1,54,54,0,0,false,NA
25670,矢矧改二乙,やはぎ,0,9,軽巡洋艦,10,91,54,81,81,30,81,88,88,24,88,88,88,36,88,74,74,32,74,17,17,17,89,51,64,52,42,0,82,75,56,NA,NA,NA,NA,NA,NA,NA,NA,NA,NA,NA,NA,NA,NA,NA,1,53,53,0,0,false,矢矧改二
25751,Richard P.Leary改,リチャード・P・リアリー,-1,11,駆逐艦,10,70,49,63,53,15,53,75,75,26,75,92,74,42,91,56,52,16,52,39,39,39,107,38,49,32,36,0,82,79,49,5inch単装砲 Mk.30改,NA,0,5inch単装砲 Mk.30改,NA,3,NA,NA,NA,NA,NA,NA,NA,NA,NA,1,34,34,0,0,false,NA
25781,まるゆ,まるゆ,-1,0,潜水艦,5,20,59,3,3,1,3,9,9,0,9,0,0,0,0,9,9,2,9,7,7,7,77,2,9,0,7,0,11,0,2,NA,NA,NA,NA,NA,NA,NA,NA,NA,NA,NA,NA,NA,NA,NA,1,6,6,0,0,false,まるゆ改
25794,第二十二号海防艦,だいにじゅうにごう,-1,0,海防艦,5,10,49,7,7,3,14,0,0,0,0,8,8,4,18,6,6,4,15,19,19,19,85,4,0,4,2,0,43,42,3,三式爆雷投射機,NA,0,NA,NA,NA,NA,NA,NA,NA,NA,NA,NA,NA,NA,1,8,8,0,0,false,第二十二号海防艦改
25845,Richard P.Leary,リチャード・P・リアリー,-1,0,駆逐艦,10,1,49,31,29,12,30,62,62,20,62,42,36,32,63,21,20,7,20,19,19,19,79,17,42,4,13,0,45,49,20,5inch単装砲 Mk.30,NA,0,NA,NA,NA,NA,NA,NA,NA,NA,NA,NA,NA,NA,1,17,17,0,0,false,Richard P.Leary改
25950,伊201,い201,-1,0,潜水艦,5,8,49,3,3,1,3,35,35,20,63,5,5,0,5,11,11,4,16,24,24,24,79,2,15,5,7,0,41,0,10,NA,NA,NA,NA,NA,NA,NA,NA,NA,NA,NA,NA,NA,NA,NA,1,12,12,0,0,false,伊201改
26092,朝日改,あさひ,-1,0,工作艦,5,30,49,6,6,1,6,0,0,0,0,13,13,6,18,34,34,23,34,18,18,18,33,5,0,7,11,0,8,0,1,艦艇修理施設,NA,0,艦艇修理施設,NA,0,艦艇修理施設,NA,0,NA,NA,NA,NA,NA,NA,1,37,37,0,0,false,NA
26106,Tuscaloosa,タスカルーサ,-1,0,重巡洋艦,10,1,49,47,36,36,52,3,3,0,45,19,18,18,60,34,34,34,49,17,17,17,77,0,3,0,0,0,35,0,15,8inch三連装砲 Mk.9,NA,0,NA,NA,NA,NA,NA,NA,NA,NA,NA,NA,NA,NA,1,43,43,0,0,false,Tuscaloosa改
26218,平安丸改,へいあんまる,-1,0,潜水母艦,5,25,49,43,42,11,42,0,0,0,0,44,32,12,32,34,34,17,34,11,11,11,57,31,0,20,17,0,23,0,23,12cm単装高角砲,NA,0,25mm連装機銃,NA,0,25mm単装機銃,NA,0,NA,NA,NA,NA,NA,NA,1,39,39,0,0,false,NA
26435,De Ruyter改,デ・ロイテル,-1,0,軽巡洋艦,10,50,49,70,70,29,70,60,60,0,60,55,55,25,75,67,67,29,67,10,10,10,57,41,60,30,38,0,56,32,33,NA,NA,NA,NA,NA,NA,NA,NA,NA,NA,NA,NA,NA,NA,NA,1,43,43,0,0,false,NA
26478,峯雲改,みねぐも,-1,0,駆逐艦,10,52,56,43,41,12,51,79,79,28,79,34,32,16,50,44,44,14,49,9,9,9,54,29,51,16,30,0,67,41,28,22号対水上電探,NA,0,12cm単装砲,NA,0,12cm単装砲,NA,0,NA,NA,NA,NA,NA,NA,1,31,31,0,0,false,NA
26610,秋月,あきづき,-1,0,駆逐艦,10,1,49,23,19,16,48,32,22,16,48,87,70,70,104,14,14,9,27,10,10,10,59,3,6,0,5,0,50,27,9,10cm連装高角砲+高射装置,NA,0,61cm四連装(酸素)魚雷,NA,0,25mm連装機銃,NA,0,NA,NA,NA,NA,NA,NA,1,20,20,0,0,false,秋月改
26737,Northampton,ノーザンプトン,-1,0,重巡洋艦,10,1,49,53,40,36,51,17,17,16,44,21,20,20,62,37,37,33,47,10,10,10,52,4,1,0,4,0,35,0,14,8inch三連装砲 Mk.9,NA,0,NA,NA,NA,NA,NA,NA,NA,NA,NA,NA,NA,NA,1,44,44,0,0,false,Northampton改
26774,秋月,あきづき,-1,0,駆逐艦,10,1,49,24,20,16,48,37,27,16,48,89,72,70,104,19,19,9,27,10,10,10,59,4,11,2,10,0,50,27,9,10cm連装高角砲+高射装置,NA,0,61cm四連装(酸素)魚雷,NA,0,25mm連装機銃,NA,0,NA,NA,NA,NA,NA,NA,1,20,20,0,0,false,秋月改
26982,Samuel B.Roberts,サミュエル・B・ロバーツ,-1,0,駆逐艦,5,1,49,10,8,8,24,12,12,12,38,26,20,20,40,6,5,5,17,30,30,30,60,0,0,0,0,0,40,48,12,5inch単装砲 Mk.30,NA,0,NA,NA,NA,NA,NA,NA,NA,NA,NA,NA,NA,NA,1,14,14,0,0,false,Samuel B.Roberts改
27020,朝日,あさひ,-1,0,練習巡洋艦,5,1,49,2,2,2,8,0,0,0,0,6,6,6,16,20,20,20,29,17,17,17,29,0,0,0,0,0,6,0,1,NA,NA,NA,NA,NA,NA,NA,NA,NA,NA,NA,NA,NA,NA,NA,1,36,36,0,0,false,朝日改
27051,大泊改,おおとまり,-1,0,補給艦,5,55,49,7,7,3,17,0,0,0,0,12,12,9,22,23,23,12,36,50,50,50,96,4,0,3,11,0,45,25,12,NA,NA,NA,NA,NA,NA,NA,NA,NA,NA,NA,NA,NA,NA,NA,1,22,22,0,0,false,NA
27117,Italia,リットリオ・イタリア,-1,2,戦艦,10,78,85,110,102,81,102,0,0,0,0,77,77,44,90,92,92,77,92,30,30,30,79,21,0,33,15,0,67,0,44,九一式徹甲弾,NA,0,NA,NA,NA,NA,NA,NA,NA,NA,NA,NA,NA,NA,1,92,92,0,0,false,NA
27124,Nevada,ネヴァダ,-1,0,戦艦,5,1,49,115,72,72,92,0,0,0,0,20,20,20,78,73,71,71,87,33,33,33,103,0,0,0,0,0,27,0,8,14inch/45 連装砲,NA,0,14inch/45 三連装砲,NA,0,NA,NA,NA,NA,NA,NA,NA,NA,NA,1,74,74,0,0,false,Nevada改
27183,L.d.S.D.d.Abruzzi改,アブルッツィ,-1,2,軽巡洋艦,10,56,49,93,73,33,73,70,70,22,70,78,70,24,70,75,75,42,75,30,30,30,98,40,48,46,33,0,60,44,33,20.3cm(3号)連装砲,NA,6,20.3cm(3号)連装砲,NA,6,NA,NA,NA,NA,NA,NA,NA,NA,NA,1,52,52,0,0,false,NA
27401,Victorious改,ヴィクトリアス,-1,11,装甲空母,10,60,49,31,31,0,55,0,0,0,0,65,65,40,84,72,72,49,85,22,22,22,110,31,0,25,23,0,53,0,69,NA,NA,NA,NA,NA,NA,NA,NA,NA,NA,NA,NA,NA,NA,NA,1,74,74,0,0,false,NA
27431,C.Cappellini,コマンダンテ・カッペリーニ,-1,0,潜水艦,5,3,49,6,6,5,19,27,27,19,65,2,2,0,15,5,5,5,18,33,33,33,73,1,8,2,0,0,17,0,5,NA,NA,NA,NA,NA,NA,NA,NA,NA,NA,NA,NA,NA,NA,NA,1,10,10,0,0,false,C.Cappellini改
27910,加賀,かが,-1,1,正規空母,10,69,89,39,39,0,39,0,0,0,0,92,65,28,69,59,59,29,59,10,10,10,49,39,0,37,30,0,51,0,60,紫電改二,NA,0,紫電改二,NA,0,紫電改二,NA,0,NA,NA,NA,NA,NA,NA,1,71,71,0,0,false,加賀改
27988,まるゆ,まるゆ,-1,0,潜水艦,5,20,50,3,3,1,3,9,9,0,9,0,0,0,0,8,8,2,9,7,7,7,77,2,9,0,6,0,11,0,2,NA,NA,NA,NA,NA,NA,NA,NA,NA,NA,NA,NA,NA,NA,NA,1,6,6,0,0,false,まるゆ改
28017,綾波,あやなみ,-1,0,駆逐艦,10,12,52,19,17,10,29,44,39,27,79,23,21,12,39,12,12,5,19,12,12,12,49,7,12,9,7,0,46,23,6,12.7cm連装砲,NA,0,61cm三連装魚雷,NA,0,NA,NA,NA,NA,NA,NA,NA,NA,NA,1,15,15,0,0,false,綾波改
28027,Jervis,ジャーヴィス,-1,0,駆逐艦,10,51,51,38,32,12,32,75,75,30,82,50,44,22,44,18,18,7,18,50,50,50,100,20,45,22,11,0,65,63,16,QF 4.7inch砲 Mk.XII改,NA,0,QF 4.7inch砲 Mk.XII改,NA,0,NA,NA,NA,NA,NA,NA,NA,NA,NA,1,15,15,0,0,false,Jervis改
28030,Warspite,ウォースパイト,-1,0,戦艦,5,8,49,120,76,72,92,0,0,0,0,49,46,38,88,73,73,72,91,55,55,55,89,4,0,8,1,0,28,2,21,38.1cm Mk.I連装砲,NA,0,38.1cm Mk.I連装砲,NA,0,零式水上偵察機,NA,0,九一式徹甲弾,NA,0,NA,NA,NA,1,72,72,0,0,false,Warspite改
28037,霞,かすみ,-1,0,駆逐艦,10,1,49,12,10,10,29,24,24,24,69,11,9,9,39,6,6,6,19,15,15,15,59,0,0,0,0,0,43,21,5,12.7cm連装砲,NA,0,NA,NA,NA,NA,NA,NA,NA,NA,NA,NA,NA,NA,1,16,16,0,0,false,霞改
28047,Mogador,モガドール,-1,0,駆逐艦,10,24,51,53,41,32,52,43,43,16,56,50,46,28,64,26,26,13,34,6,6,6,51,9,27,18,13,0,61,36,15,13.8cm連装砲,NA,0,13.8cm連装砲,NA,0,NA,NA,NA,NA,NA,NA,NA,NA,NA,1,21,21,0,0,false,Mogador改
28048,Mogador改,モガドール,-1,5,駆逐艦,10,54,49,72,56,40,72,44,44,17,64,54,50,34,73,47,45,29,57,11,11,11,71,16,27,16,16,0,78,66,36,13.8cm連装砲改,NA,0,13.8cm連装砲改,NA,2,HF/DF + Type144/147 ASDIC,NA,2,探照灯,NA,6,NA,NA,NA,1,38,38,0,0,false,NA
28062,Norge,ノルゲ,-1,0,海防艦,5,1,54,29,18,18,30,22,22,10,28,6,6,6,12,28,27,18,27,3,3,3,18,0,12,0,9,0,5,0,3,21cm単装主砲,NA,0,15cm単装副砲,NA,0,NA,NA,NA,NA,NA,NA,NA,NA,NA,1,22,22,0,0,false,Norge改
28074,Prinz Eugen,プリンツ・オイゲン,-1,0,重巡洋艦,10,1,49,48,38,38,56,32,32,32,64,18,16,16,44,38,38,38,64,30,30,30,79,0,0,0,0,0,34,0,15,SKC34 20.3cm連装砲,NA,0,NA,NA,NA,NA,NA,NA,NA,NA,NA,NA,NA,NA,1,50,50,0,0,false,Prinz Eugen改
28109,Ташкент,タシュケント,-1,0,駆逐艦,15,1,49,24,18,18,50,23,23,12,48,21,20,20,52,17,15,12,31,40,40,40,90,0,11,0,3,0,64,33,7,130mm B-13連装砲,NA,0,改良型艦本式タービン,NA,0,強化型艦本式缶,NA,0,NA,NA,NA,NA,NA,NA,1,22,22,0,0,false,Ташкент改
28123,Valiant改,ヴァリアント,-1,6,戦艦,5,73,61,151,102,87,102,0,0,0,0,85,78,56,92,96,92,78,92,40,40,40,105,15,0,22,14,0,56,0,48,16inch Mk.I三連装砲+AFCT改,NA,2,16inch Mk.I三連装砲改+FCR type284,NA,1,NA,NA,NA,NA,NA,NA,NA,NA,NA,1,83,83,0,0,false,NA
28223,北上,きたかみ,-1,0,軽巡洋艦,10,1,49,16,14,14,39,31,24,24,79,13,13,13,49,10,10,10,29,15,15,15,69,0,0,0,0,0,36,19,8,14cm単装砲,NA,0,61cm四連装魚雷,NA,0,NA,NA,NA,NA,NA,NA,NA,NA,NA,1,25,25,0,0,false,北上改
28276,北上,きたかみ,-1,0,軽巡洋艦,10,1,49,16,14,14,39,33,26,24,79,13,13,13,49,10,10,10,29,15,15,15,69,0,2,0,0,0,36,19,8,14cm単装砲,NA,0,61cm四連装魚雷,NA,0,NA,NA,NA,NA,NA,NA,NA,NA,NA,1,25,25,0,0,false,北上改
28295,綾波,あやなみ,-1,0,駆逐艦,10,1,49,12,10,10,29,32,27,27,79,14,12,12,39,5,5,5,19,12,12,12,49,0,0,0,0,0,41,20,5,12.7cm連装砲,NA,0,61cm三連装魚雷,NA,0,NA,NA,NA,NA,NA,NA,NA,NA,NA,1,15,15,0,0,false,綾波改
28303,時雨,しぐれ,-1,0,駆逐艦,10,1,49,12,10,10,29,27,27,24,69,11,9,9,39,7,7,6,19,10,10,10,49,0,3,0,1,0,43,21,5,12.7cm連装砲,NA,0,NA,NA,NA,NA,NA,NA,NA,NA,NA,NA,NA,NA,1,16,16,0,0,false,時雨改
28319,霞,かすみ,-1,0,駆逐艦,10,1,49,12,10,10,29,26,26,24,69,11,9,9,39,7,7,6,19,15,15,15,59,0,2,0,1,0,43,21,5,12.7cm連装砲,NA,0,NA,NA,NA,NA,NA,NA,NA,NA,NA,NA,NA,NA,1,16,16,0,0,false,霞改
28327,初霜,はつしも,-1,0,駆逐艦,10,1,49,12,10,10,29,27,27,27,69,11,9,9,39,6,6,6,19,10,10,10,49,0,0,0,0,0,43,21,5,12.7cm連装砲,NA,0,NA,NA,NA,NA,NA,NA,NA,NA,NA,NA,NA,NA,1,16,16,0,0,false,初霜改
28339,長波,ながなみ,-1,0,駆逐艦,10,1,49,12,10,10,30,31,31,24,69,16,9,9,39,9,9,6,19,13,13,13,49,0,7,0,3,0,48,27,6,12.7cm連装砲,NA,0,25mm連装機銃,NA,0,NA,NA,NA,NA,NA,NA,NA,NA,NA,1,16,16,0,0,false,長波改
28344,Ark Royal,アークロイヤル,-1,0,正規空母,10,1,49,0,0,0,27,0,0,0,0,32,30,30,72,26,26,26,47,8,8,8,58,0,0,0,0,0,34,2,40,Skua,NA,0,NA,NA,NA,NA,NA,NA,NA,NA,NA,NA,NA,NA,1,55,55,0,0,false,Ark Royal改
28380,Bismarck,ビスマルク,-1,0,戦艦,10,1,49,85,64,64,88,0,0,0,0,21,18,18,48,67,67,67,83,8,8,8,69,0,0,0,0,0,33,0,16,38cm連装砲,NA,0,15cm連装副砲,NA,0,NA,NA,NA,NA,NA,NA,NA,NA,NA,1,90,90,0,0,false,Bismarck改
28412,Glorious,グローリアス,-1,0,戦艦,10,41,100,130,86,65,86,32,32,16,32,59,56,24,70,59,59,49,59,6,6,6,39,21,16,32,10,0,41,2,28,38.1cm Mk.I連装砲,NA,0,38.1cm Mk.I連装砲,NA,0,零式水上偵察機,1,0,九一式徹甲弾,NA,0,NA,NA,NA,1,55,55,0,0,false,Glorious
28532,Dace,デイス,-1,11,潜水艦,5,5,49,2,2,2,11,39,39,37,77,0,0,0,0,5,5,4,20,41,41,41,81,0,2,0,1,0,19,0,13,NA,NA,NA,NA,NA,NA,NA,NA,NA,NA,NA,NA,NA,NA,NA,1,13,13,0,0,false,Dace改
28536,野埼,のさき,0,0,補給艦,5,37,51,11,11,3,11,0,0,0,0,14,14,6,14,11,13,3,16,7,7,7,48,8,0,8,10,0,9,0,4,秋刀魚の缶詰,NA,0,洋上補給,NA,0,NA,NA,NA,NA,NA,NA,NA,NA,NA,1,8,8,0,0,false,野埼改
28595,Heywood L.E.,ヘイウッド,-1,0,駆逐艦,10,1,49,18,12,12,30,20,20,20,61,41,32,32,62,8,7,7,20,18,18,18,77,0,0,0,0,0,54,52,32,5inch単装砲 Mk.30,NA,0,SG レーダー(初期型),NA,0,NA,NA,NA,NA,NA,NA,NA,NA,NA,1,17,17,0,0,false,Heywood L.E.改
28668,Wasp,ワスプ,-1,0,正規空母,10,1,49,44,37,37,57,0,0,0,0,63,54,54,90,43,43,43,79,44,44,44,88,0,0,0,0,0,47,8,58,F4F-4,NA,0,SBD-5,NA,0,SBD-5,NA,0,NA,NA,NA,NA,NA,NA,1,65,65,0,0,false,Wasp改
28669,冬月,ふゆつき,-1,0,駆逐艦,10,1,49,20,16,16,47,16,16,16,45,90,70,70,101,10,10,10,29,38,38,38,88,0,0,0,0,0,47,24,11,10cm連装高角砲+高射装置,NA,0,13号対空電探,NA,0,25mm三連装機銃,NA,0,NA,NA,NA,NA,NA,NA,1,21,21,0,0,false,冬月改
28684,Nelson,ネルソン,-1,0,戦艦,5,1,49,118,72,72,102,0,0,0,0,24,24,24,82,78,74,74,92,24,24,24,89,0,0,0,0,0,22,0,12,16inch Mk.I三連装砲,NA,0,16inch Mk.I三連装砲,NA,0,NA,NA,NA,NA,NA,NA,NA,NA,NA,1,82,82,0,0,false,Nelson改
28695,Phoenix,フェニックス,-1,0,軽巡洋艦,10,1,49,37,29,29,59,0,0,0,33,28,26,26,69,17,16,16,39,19,19,19,79,0,0,0,0,0,31,0,18,6inch三連装速射砲 Mk.16,NA,0,NA,NA,NA,NA,NA,NA,NA,NA,NA,NA,NA,NA,1,38,38,0,0,false,Phoenix改
28706,大和,やまと,-1,0,戦艦,5,1,49,130,96,96,129,0,0,0,0,60,50,50,94,88,88,88,108,12,12,12,79,0,0,0,0,0,28,4,21,46cm三連装砲,NA,0,15.5cm三連装副砲,NA,0,零式水上観測機,NA,0,NA,NA,NA,NA,NA,NA,1,93,93,0,0,false,大和改
28724,Prinz Eugen,プリンツ・オイゲン,-1,0,重巡洋艦,10,1,49,50,38,38,56,32,32,32,64,19,16,16,44,38,38,38,64,30,30,30,79,0,0,0,0,0,35,5,22,SKC34 20.3cm連装砲,NA,0,Ar196改,NA,0,NA,NA,NA,NA,NA,NA,NA,NA,NA,0,50,50,0,0,false,Prinz Eugen改
28730,Eidsvold,アイツヴォル,-1,0,海防艦,5,1,49,29,18,18,31,10,10,10,27,6,6,6,12,19,18,18,26,3,3,3,19,0,0,0,0,0,5,0,4,21cm単装主砲,NA,0,15cm単装副砲,NA,0,NA,NA,NA,NA,NA,NA,NA,NA,NA,1,22,22,0,0,false,Eidsvold改